Roll No,Institute,Current Semester,Gender,Admission Cast Category,Religion,Permanent District,Total Fees,Last Exam,Last Exam Percentage,Last Exam Passing,Last Exam Board/Uni.,Specialisation,Churn,student_status_new,data,is_churned,Churn Label
23BCA04526,BPCCS,1,Male,SCST,Hindu,GANDHINAGAR,18000,HSC,55.0,2022-23,G.H.S.E.B,COMMERCE,1,dropout_sem1,Churn,1,Churned
23BCA04446,BPCCS,3,Male,OPEN,Hindu,AHMEDABAD,18000,HSC,50.26,2022-23,G.H.S.E.B,COMMERCE,1,dropout_sem1,Churn,1,Churned
23TBCA04022,BPCCS,1,Male,OPEN,Hindu,AHMEDABAD,18000,HSC,48.85,2022-23,G.H.S.E.B,COMMERCE,1,dropout_sem1,Churn,1,Churned
23TBCA04024,BPCCS,1,Male,OPEN,Hindu,AHMEDABAD,18000,HSC,71.23,2021-22,G.H.S.E.B,SCIENCE,1,dropout_sem1,Churn,1,Churned
23BCA04393,BPCCS,2,Female,SEBC,Hindu,SURENDRANAGAR,18000,HSC,64.57,2023-24,G.H.S.E.B,COMMERCE,1,dropout_sem1,Churn,1,Churned
23BCA04128,BPCCS,3,Female,SEBC,Hindu,SURENDRANAGAR,18000,HSC,62.0,2023-24,G.H.S.E.B,ARTS,1,dropout_sem1,Churn,1,Churned
23TBCA04077,BPCCS,1,Male,OPEN,Hindu,BANASKANTHA,18000,HSC,52.0,2023-24,G.H.S.E.B,SCIENCE,1,dropout_sem1,Churn,1,Churned
23TBCA04090,BPCCS,1,Female,OPEN,Hindu,AMRELI,18000,HSC,66.85,2023-24,G.H.S.E.B,COMMERCE,1,dropout_sem1,Churn,1,Churned
23TBCA04097,BPCCS,1,Male,OPEN,Hindu,KUTCH,18000,HSC,64.6,2023-24,G.H.S.E.B,COMMERCE,1,dropout_sem1,Churn,1,Churned
23TBCA04103,BPCCS,1,Female,OPEN,Muslim,GANDHINAGAR,18000,HSC,64.2,2023-24,CBSE,COMMERCE,1,dropout_sem1,Churn,1,Churned
23BCA04014,BPCCS,3,Male,OPEN,Muslim,MORBI,18000,HSC,6.85,2023-24,G.H.S.E.B,COMMERCE,1,dropout_sem1,Churn,1,Churned
23TBCA04130,BPCCS,1,Female,OPEN,Hindu,AHMEDABAD,18000,HSC,50.66,2023-24,G.H.S.E.B,COMMERCE,1,dropout_sem1,Churn,1,Churned
23BCA04086,BPCCS,3,Male,SEBC,Hindu,KUTCH,18000,HSC,67.48,2023-24,G.H.S.E.B,COMMERCE,1,dropout_sem1,Churn,1,Churned
23BCA04184,BPCCS,3,Male,OPEN,Muslim,MORBI,18000,HSC,47.42,2023-24,G.H.S.E.B,COMMERCE,1,dropout_sem1,Churn,1,Churned
23BCA04167,BPCCS,2,Male,OPEN,Hindu,SURENDRANAGAR,18000,HSC,52.43,2023-24,G.H.S.E.B,COMMERCE,1,dropout_sem1,Churn,1,Churned
23TBCA04170,BPCCS,1,Male,OBC,Hindu,GANDHINAGAR,18000,HSC,56.2,2023-24,CBSE,COMMERCE,1,dropout_sem1,Churn,1,Churned
23BCA04454,BPCCS,2,Female,OPEN,Hindu,GANDHINAGAR,18000,SSC,0.0,2023-24,GSEB,COMMERCE,1,dropout_sem1,Churn,1,Churned
23BCA04095,BPCCS,2,Male,OPEN,Hindu,JUNAGADH,18000,HSC,44.42,2023-24,G.H.S.E.B,COMMERCE,1,dropout_sem1,Churn,1,Churned
23BCA04157,BPCCS,1,Female,OPEN,Hindu,AHMEDABAD,18000,HSC,63.6,2023-24,G.H.S.E.B,COMMERCE,1,dropout_sem1,Churn,1,Churned
23TBCA04185,BPCCS,1,Female,SEBC,Hindu,KUTCH,18000,HSC,83.0,2023-24,G.H.S.E.B,COMMERCE,1,dropout_sem1,Churn,1,Churned
23BCA04079,BPCCS,2,Male,OPEN,Hindu,AMRELI,18000,HSC,50.0,2023-24,G.H.S.E.B,COMMERCE,1,dropout_sem1,Churn,1,Churned
23BCA04125,BPCCS,1,Male,OPEN,Hindu,MORBI,18000,HSC,84.71,2023-24,G.H.S.E.B,COMMERCE,1,dropout_sem1,Churn,1,Churned
23TBCA04228,BPCCS,1,Male,OPEN,Hindu,MEHSANA,18000,HSC,65.57,2023-24,G.H.S.E.B,COMMERCE,1,dropout_sem1,Churn,1,Churned
23TBCA53027,SVICS-G,1,Female,SEBC,Hindu,AHMEDABAD,27000,HSC,64.13,2023-24,G.H.S.E.B,COMMERCE,1,dropout_sem1,Churn,1,Churned
23TBCA04229,BPCCS,1,Male,OBC,Hindu,AHMEDABAD,18000,HSC,61.14,2023-24,G.H.S.E.B,ARTS,1,dropout_sem1,Churn,1,Churned
23BCA04340,BPCCS,2,Male,SEBC,Hindu,SURENDRANAGAR,18000,HSC,55.57,2023-24,G.H.S.E.B,COMMERCE,1,dropout_sem1,Churn,1,Churned
23TBCA04240,BPCCS,1,Male,SEBC,Hindu,SURENDRANAGAR,18000,HSC,65.57,2023-24,G.H.S.E.B,COMMERCE,1,dropout_sem1,Churn,1,Churned
23BCA04339,BPCCS,2,Male,SEBC,Hindu,SURENDRANAGAR,18000,HSC,82.0,2022-23,G.H.S.E.B,COMMERCE,1,dropout_sem1,Churn,1,Churned
23BCA04145,BPCCS,2,Female,OPEN,Hindu,AHMEDABAD,18000,HSC,68.13,2023-24,G.H.S.E.B,COMMERCE,1,dropout_sem1,Churn,1,Churned
23BCA04519,BPCCS,2,Male,OPEN,Hindu,GANDHINAGAR,18000,HSC,58.0,2023-24,G.H.S.E.B,COMMERCE,1,dropout_sem1,Churn,1,Churned
23TBCA04263,BPCCS,1,Female,SEBC,Hindu,AHMEDABAD,18000,HSC,72.14,2023-24,G.H.S.E.B,COMMERCE,1,dropout_sem1,Churn,1,Churned
23TBCA04265,BPCCS,1,Female,OPEN,Hindu,AHMEDABAD,18000,HSC,67.57,2023-24,G.H.S.E.B,COMMERCE,1,dropout_sem1,Churn,1,Churned
23BCA04415,BPCCS,2,Male,SEBC,Hindu,GANDHINAGAR,18000,HSC,71.0,2023-24,G.H.S.E.B,COMMERCE,1,dropout_sem1,Churn,1,Churned
23TBCA04273,BPCCS,1,Female,OPEN,Hindu,AHMEDABAD,18000,HSC,76.0,2023-24,G.H.S.E.B,COMMERCE,1,dropout_sem1,Churn,1,Churned
23BCA53219,SVICS-G,2,Male,OPEN,Hindu,SURENDRANAGAR,27000,HSC,59.42,2023-24,G.H.S.E.B,COMMERCE,1,dropout_sem1,Churn,1,Churned
23TBCA04287,BPCCS,1,Male,OBC,Hindu,BOTAD,18000,HSC,88.85,2023-24,G.H.S.E.B,COMMERCE,1,dropout_sem1,Churn,1,Churned
23TBCA04296,BPCCS,1,Male,OPEN,Hindu,GANDHINAGAR,18000,HSC,55.53,2021-22,G.H.S.E.B,SCIENCE,1,dropout_sem1,Churn,1,Churned
23BCA04450,BPCCS,1,Male,OPEN,Hindu,BOTAD,18000,HSC,37.0,2023-24,G.H.S.E.B,COMMERCE,1,dropout_sem1,Churn,1,Churned
23BCA04297,BPCCS,2,Male,OPEN,Muslim,SABARKANTHA,18000,HSC,41.71,2022-23,G.H.S.E.B,COMMERCE,1,dropout_sem1,Churn,1,Churned
23BCA04524,BPCCS,2,Male,OPEN,Hindu,AHMEDABAD,18000,HSC,44.14,2023-24,G.H.S.E.B,COMMERCE,1,dropout_sem1,Churn,1,Churned
23TBCA04308,BPCCS,1,Male,OPEN,Hindu,AHMEDABAD,18000,HSC,40.17,2023-24,G.H.S.E.B,SCIENCE,1,dropout_sem1,Churn,1,Churned
23BCA04469,BPCCS,2,Male,OBC,Hindu,GANDHINAGAR,18000,HSC,42.28,2023-24,G.H.S.E.B,ARTS,1,dropout_sem1,Churn,1,Churned
23TBCA04317,BPCCS,1,Male,OPEN,Hindu,BANASKANTHA,18000,HSC,57.14,2023-24,G.H.S.E.B,COMMERCE,1,dropout_sem1,Churn,1,Churned
23TBCA04337,BPCCS,1,Male,OPEN,Hindu,AHMEDABAD,18000,HSC,49.87,2023-24,G.H.S.E.B,COMMERCE,1,dropout_sem1,Churn,1,Churned
23BCA04252,BPCCS,3,Female,OPEN,Hindu,GANDHINAGAR,18000,HSC,53.73,2023-24,G.H.S.E.B,COMMERCE,1,dropout_sem1,Churn,1,Churned
23TBCA04355,BPCCS,1,Male,OPEN,Hindu,KUTCH,18000,HSC,63.0,2023-24,CBSE,COMMERCE,1,dropout_sem1,Churn,1,Churned
23BCA04312,BPCCS,2,Male,SEBC,Hindu,GANDHINAGAR,18000,HSC,52.0,2023-24,G.H.S.E.B,COMMERCE,1,dropout_sem1,Churn,1,Churned
23BCA04036,BPCCS,2,Male,OBC,Hindu,GANDHINAGAR,18000,HSC,60.57,2023-24,G.H.S.E.B,COMMERCE,1,dropout_sem1,Churn,1,Churned
23TBCA04378,BPCCS,1,Male,OBC,Hindu,GANDHINAGAR,18000,HSC,58.43,2023-24,G.H.S.E.B,COMMERCE,1,dropout_sem1,Churn,1,Churned
23TBCA04381,BPCCS,1,Female,OPEN,Hindu,GANDHINAGAR,18000,HSC,76.0,2023-24,G.H.S.E.B,COMMERCE,1,dropout_sem1,Churn,1,Churned
23TBCA04411,BPCCS,1,Male,SEBC,Hindu,GANDHINAGAR,18000,HSC,61.57,2023-24,G.H.S.E.B,COMMERCE,1,dropout_sem1,Churn,1,Churned
23TBCA04422,BPCCS,1,Male,SEBC,Hindu,GANDHINAGAR,18000,HSC,50.13,2023-24,G.H.S.E.B,COMMERCE,1,dropout_sem1,Churn,1,Churned
23TBCA53042,SVICS-G,1,Male,OPEN,Hindu,SURENDRANAGAR,27000,HSC,63.0,2023-24,G.H.S.E.B,COMMERCE,1,dropout_sem1,Churn,1,Churned
23TBCA04448,BPCCS,1,Male,OPEN,Hindu,MAHISAGAR,18000,HSC,76.14,2023-24,G.H.S.E.B,COMMERCE,1,dropout_sem1,Churn,1,Churned
23BCA04534,BPCCS,2,Male,SEBC,Hindu,GANDHINAGAR,18000,HSC,50.2,2023-24,G.H.S.E.B,ARTS,1,dropout_sem1,Churn,1,Churned
23TBCA04454,BPCCS,1,Female,SEBC,Muslim,GANDHINAGAR,18000,HSC,67.28,2023-24,G.H.S.E.B,ARTS,1,dropout_sem1,Churn,1,Churned
23TBCA04457,BPCCS,1,Male,SCST,Hindu,SABARKANTHA,18000,HSC,49.0,2023-24,G.H.S.E.B,ARTS,1,dropout_sem1,Churn,1,Churned
23TBCA04458,BPCCS,1,Male,SEBC,Hindu,BANASKANTHA,18000,HSC,56.61,2023-24,G.H.S.E.B,SCIENCE,1,dropout_sem1,Churn,1,Churned
23TBCA04464,BPCCS,1,Male,SEBC,Hindu,GANDHINAGAR,18000,HSC,51.21,2023-24,G.H.S.E.B,COMMERCE,1,dropout_sem1,Churn,1,Churned
23BCA04127,BPCCS,2,Male,OPEN,Hindu,AHMEDABAD,18000,HSC,49.41,2023-24,G.H.S.E.B,COMMERCE,1,dropout_sem1,Churn,1,Churned
23BCA04085,BPCCS,2,Male,OBC,Hindu,GANDHINAGAR,18000,HSC,42.0,2023-24,G.H.S.E.B,COMMERCE,1,dropout_sem1,Churn,1,Churned
23TBCA04473,BPCCS,1,Male,OPEN,Hindu,ARVALLI,18000,HSC,77.0,2023-24,G.H.S.E.B,COMMERCE,1,dropout_sem1,Churn,1,Churned
23BCA04190,BPCCS,2,Male,SCST,Hindu,MEHSANA,18000,HSC,57.71,2023-24,G.H.S.E.B,COMMERCE,1,dropout_sem1,Churn,1,Churned
23BCA04462,BPCCS,1,Male,OBC,Hindu,GANDHINAGAR,18000,HSC,56.85,2023-24,G.H.S.E.B,COMMERCE,1,dropout_sem1,Churn,1,Churned
23TBCA04498,BPCCS,1,Male,OBC,Muslim,GANDHINAGAR,18000,HSC,57.6,2023-24,G.H.S.E.B,COMMERCE,1,dropout_sem1,Churn,1,Churned
23TBCA04499,BPCCS,1,Female,SEBC,Hindu,GANDHINAGAR,18000,HSC,56.43,2023-24,G.H.S.E.B,COMMERCE,1,dropout_sem1,Churn,1,Churned
23BCA04476,BPCCS,2,Male,OPEN,Hindu,BANASKANTHA,18000,HSC,56.0,2023-24,G.H.S.E.B,COMMERCE,1,dropout_sem1,Churn,1,Churned
23BCA04405,BPCCS,2,Female,OPEN,Hindu,AHMEDABAD,18000,HSC,58.66,2023-24,G.H.S.E.B,COMMERCE,1,dropout_sem1,Churn,1,Churned
23BCA04040,BPCCS,2,Male,OBC,Hindu,PATAN,18000,HSC,58.57,2023-24,G.H.S.E.B,COMMERCE,1,dropout_sem1,Churn,1,Churned
23TBCA04521,BPCCS,1,Male,OPEN,Muslim,MORBI,18000,HSC,57.86,2023-24,G.H.S.E.B,COMMERCE,1,dropout_sem1,Churn,1,Churned
23BCA04329,BPCCS,2,Female,OBC,Hindu,GANDHINAGAR,18000,HSC,74.0,2023-24,G.H.S.E.B,COMMERCE,1,dropout_sem1,Churn,1,Churned
23TBCA04547,BPCCS,1,Male,OPEN,Hindu,GANDHINAGAR,18000,HSC,50.71,2023-24,G.H.S.E.B,COMMERCE,1,dropout_sem1,Churn,1,Churned
23BCA04478,BPCCS,2,Female,OPEN,Muslim,MORBI,18000,HSC,61.28,2023-24,G.H.S.E.B,COMMERCE,1,dropout_sem1,Churn,1,Churned
23TBCA04569,BPCCS,1,Male,SEBC,Hindu,JAMNAGAR,18000,HSC,66.0,2023-24,G.H.S.E.B,COMMERCE,1,dropout_sem1,Churn,1,Churned
23BCA04119,BPCCS,3,Male,OPEN,Hindu,BOTAD,18000,HSC,46.0,2023-24,G.H.S.E.B,COMMERCE,1,dropout_sem1,Churn,1,Churned
23BCA53187,SVICS-G,2,Male,OBC,Hindu,GANDHINAGAR,27000,HSC,40.14,2023-24,G.H.S.E.B,COMMERCE,1,dropout_sem1,Churn,1,Churned
23TBCA04573,BPCCS,1,Male,SEBC,Muslim,GANDHINAGAR,18000,HSC,58.42,2023-24,G.H.S.E.B,COMMERCE,1,dropout_sem1,Churn,1,Churned
23TBCA04583,BPCCS,1,Female,OBC,Hindu,GANDHINAGAR,18000,HSC,70.71,2023-24,G.H.S.E.B,COMMERCE,1,dropout_sem1,Churn,1,Churned
23TBCA53063,SVICS-G,1,Male,SCST,Hindu,GANDHINAGAR,27000,HSC,55.85,2023-24,G.H.S.E.B,COMMERCE,1,dropout_sem1,Churn,1,Churned
23TBCA53066,SVICS-G,1,Female,OPEN,Hindu,SABARKANTHA,27000,HSC,64.71,2023-24,G.H.S.E.B,ARTS,1,dropout_sem1,Churn,1,Churned
23BCA53144,SVICS-G,2,Female,SEBC,Hindu,GANDHINAGAR,27000,HSC,80.16,2023-24,G.H.S.E.B,COMMERCE,1,dropout_sem1,Churn,1,Churned
23TBCA53089,SVICS-G,1,Female,OPEN,Hindu,MEHSANA,27000,HSC,78.0,2023-24,G.H.S.E.B,ARTS,1,dropout_sem1,Churn,1,Churned
23TBCA53101,SVICS-G,1,Male,SEBC,Hindu,GANDHINAGAR,27000,HSC,57.85,2023-24,G.H.S.E.B,COMMERCE,1,dropout_sem1,Churn,1,Churned
23TBCA53111,SVICS-G,1,Male,OPEN,Hindu,AHMEDABAD,27000,HSC,53.33,2023-24,G.H.S.E.B,COMMERCE,1,dropout_sem1,Churn,1,Churned
23TBCA53116,SVICS-G,1,Male,OBC,Hindu,SABARKANTHA,27000,HSC,51.71,2023-24,G.H.S.E.B,ARTS,1,dropout_sem1,Churn,1,Churned
23BCA53179,SVICS-G,2,Female,SEBC,Hindu,GANDHINAGAR,27000,HSC,49.0,2022-23,G.H.S.E.B,ARTS,1,dropout_sem1,Churn,1,Churned
23TBCA53126,SVICS-G,1,Male,OPEN,Hindu,MEHSANA,27000,HSC,55.28,2023-24,G.H.S.E.B,ARTS,1,dropout_sem1,Churn,1,Churned
23BCA53045,SVICS-G,3,Female,OPEN,Hindu,AHMEDABAD,27000,HSC,42.71,2023-24,G.H.S.E.B,COMMERCE,1,dropout_sem1,Churn,1,Churned
23TBCA53165,SVICS-G,1,Male,OBC,Hindu,GANDHINAGAR,27000,HSC,69.0,2023-24,G.H.S.E.B,COMMERCE,1,dropout_sem1,Churn,1,Churned
23BCA53214,SVICS-G,2,Male,OPEN,Hindu,GANDHINAGAR,27000,HSC,53.47,2023-24,G.H.S.E.B,COMMERCE,1,dropout_sem1,Churn,1,Churned
23BCA53229,SVICS-G,1,Male,OPEN,Muslim,SABARKANTHA,27000,HSC,42.0,2023-24,G.H.S.E.B,COMMERCE,1,dropout_sem1,Churn,1,Churned
23BCA53154,SVICS-G,2,Male,OPEN,Hindu,GANDHINAGAR,27000,HSC,59.0,2020-21,G.H.S.E.B,ARTS,1,dropout_sem1,Churn,1,Churned
23TBCA53190,SVICS-G,1,Female,SEBC,Hindu,AHMEDABAD,27000,HSC,79.71,2023-24,G.H.S.E.B,COMMERCE,1,dropout_sem1,Churn,1,Churned
23TBCA53197,SVICS-G,1,Female,OPEN,Hindu,AHMEDABAD,27000,HSC,83.0,2023-24,G.H.S.E.B,COMMERCE,1,dropout_sem1,Churn,1,Churned
23TBCA53200,SVICS-G,1,Female,OPEN,Christian,AHMEDABAD,27000,HSC,81.4,2023-24,G.H.S.E.B,COMMERCE,1,dropout_sem1,Churn,1,Churned
23BCA53209,SVICS-G,2,Female,OPEN,Hindu,GANDHINAGAR,27000,HSC,63.46,2023-24,G.H.S.E.B,COMMERCE,1,dropout_sem1,Churn,1,Churned
23BCA53195,SVICS-G,2,Male,OPEN,Muslim,SABARKANTHA,27000,HSC,43.0,2023-24,G.H.S.E.B,COMMERCE,1,dropout_sem1,Churn,1,Churned
23BCA53010,SVICS-G,2,Male,OBC,Hindu,GANDHINAGAR,27000,HSC,50.57,2023-24,G.H.S.E.B,COMMERCE,1,dropout_sem1,Churn,1,Churned
23BCA53189,SVICS-G,1,Male,SCST,Hindu,RAJKOT,27000,HSC,55.42,2023-24,G.H.S.E.B,COMMERCE,1,dropout_sem1,Churn,1,Churned
23TBCA53220,SVICS-G,1,Male,SCST,Hindu,GANDHINAGAR,27000,HSC,71.71,2023-24,G.H.S.E.B,COMMERCE,1,dropout_sem1,Churn,1,Churned
23BCA53104,SVICS-G,2,Male,OPEN,Hindu,GANDHINAGAR,27000,HSC,73.42,2023-24,G.H.S.E.B,COMMERCE,1,dropout_sem1,Churn,1,Churned
23TBCA53231,SVICS-G,1,Female,OPEN,Hindu,AHMEDABAD,27000,HSC,60.14,2023-24,G.H.S.E.B,COMMERCE,1,dropout_sem1,Churn,1,Churned
23BCA53193,SVICS-G,2,Male,OPEN,Muslim,NAVSARI,27000,HSC,47.0,2023-24,G.H.S.E.B,ARTS,1,dropout_sem1,Churn,1,Churned
23BCA53226,SVICS-G,2,Female,OPEN,Hindu,AHMEDABAD,27000,HSC,59.46,2023-24,G.H.S.E.B,COMMERCE,1,dropout_sem1,Churn,1,Churned
23BCA53021,SVICS-G,1,Male,OBC,Hindu,AURANGABAD,27000,HSC,62.5,2023-24,G.H.S.E.B,SCIENCE,1,dropout_sem1,Churn,1,Churned
23BCA53127,SVICS-G,2,Male,OPEN,Hindu,GANDHINAGAR,27000,HSC,70.57,2023-24,G.H.S.E.B,COMMERCE,1,dropout_sem1,Churn,1,Churned
23BCA53090,SVICS-G,2,Female,OPEN,Hindu,MEHSANA,27000,HSC,56.7,2023-24,G.H.S.E.B,COMMERCE,1,dropout_sem1,Churn,1,Churned
23BCA04511,BPCCS,3,Male,OBC,Hindu,SABARKANTHA,18000,HSC,62.0,2022-23,G.H.S.E.B,ARTS,0,active,Not Churn,0,Active
23BCA04004,BPCCS,6,Male,OBC,Hindu,GONDIYA,18000,HSC,62.0,2022-23,CBSE,SCIENCE,0,active,Not Churn,0,Active
23BCA04256,BPCCS,6,Female,OPEN,Hindu,AHMEDABAD,18000,HSC,75.85,2022-23,G.H.S.E.B,COMMERCE,0,active,Not Churn,0,Active
23BCA04203,BPCCS,6,Female,OPEN,Hindu,AHMEDABAD,18000,HSC,54.57,2022-23,G.H.S.E.B,SCIENCE,0,active,Not Churn,0,Active
23BCA04137,BPCCS,6,Male,SEBC,Hindu,AHMEDABAD,18000,HSC,52.4,2022-23,G.H.S.E.B,COMMERCE,0,active,Not Churn,0,Active
23BCA04386,BPCCS,6,Male,OPEN,Hindu,GANDHINAGAR,18000,HSC,57.69,2022-23,G.H.S.E.B,SCIENCE,0,active,Not Churn,0,Active
23BCA04037,BPCCS,6,Male,OPEN,Hindu,GANDHINAGAR,18000,HSC,49.5,2023-24,G.H.S.E.B,SCIENCE,0,active,Not Churn,0,Active
23BCA04445,BPCCS,6,Male,OBC,Hindu,GANDHINAGAR,18000,HSC,58.0,2023-24,CBSE,SCIENCE,0,active,Not Churn,0,Active
23BCA04044,BPCCS,6,Male,OBC,Hindu,PATAN,18000,HSC,64.14,2022-23,G.H.S.E.B,ARTS,0,active,Not Churn,0,Active
23BCA04204,BPCCS,6,Male,OPEN,Hindu,KHEDA,18000,HSC,52.93,2021-22,G.H.S.E.B,COMMERCE,0,active,Not Churn,0,Active
23BCA04045,BPCCS,6,Male,OBC,Hindu,BANASKANTHA,18000,HSC,59.84,2023-24,G.H.S.E.B,SCIENCE,0,active,Not Churn,0,Active
23BCA04418,BPCCS,6,Female,OPEN,Hindu,GANDHINAGAR,18000,SSC,87.33,2021-22,GSEB,COMMERCE,0,active,Not Churn,0,Active
23BCA04039,BPCCS,6,Male,OBC,Hindu,BANASKANTHA,18000,HSC,60.28,2022-23,G.H.S.E.B,ARTS,0,active,Not Churn,0,Active
23BCA04307,BPCCS,6,Male,OBC,Hindu,AHMEDABAD,18000,SSC,49.06,2020-21,GSEB,COMMERCE,0,active,Not Churn,0,Active
23BCA53137,SVICS-G,3,Male,OBC,Muslim,SURENDRANAGAR,27000,HSC,71.6,2023-24,CBSE,ARTS,0,dropout_mid,Churn,0,Active
23BCA04491,BPCCS,6,Female,OPEN,Hindu,GANDHINAGAR,18000,HSC,48.15,2023-24,G.H.S.E.B,SCIENCE,0,active,Not Churn,0,Active
23BCA04001,BPCCS,6,Female,OBC,Hindu,GANDHINAGAR,18000,HSC,91.6,2023-24,G.H.S.E.B,ARTS,0,active,Not Churn,0,Active
23BCA04047,BPCCS,6,Male,OPEN,Hindu,GANDHINAGAR,18000,HSC,57.6,2023-24,G.H.S.E.B,COMMERCE,0,active,Not Churn,0,Active
23BCA04065,BPCCS,6,Male,OPEN,Hindu,DUNGARPUR,18000,HSC,78.8,2023-24,G.H.S.E.B,SCIENCE,0,active,Not Churn,0,Active
23BCA04177,BPCCS,6,Male,OPEN,Hindu,AHMEDABAD,18000,HSC,47.28,2022-23,G.H.S.E.B,COMMERCE,0,active,Not Churn,0,Active
23BCA04201,BPCCS,6,Female,OPEN,Hindu,MAHARASHTRA,18000,HSC,86.33,2023-24,Other,COMMERCE,0,active,Not Churn,0,Active
23BCA04236,BPCCS,6,Female,OPEN,Hindu,GANDHINAGAR,18000,HSC,77.42,2023-24,G.H.S.E.B,COMMERCE,0,active,Not Churn,0,Active
23BCA04276,BPCCS,6,Female,OPEN,Hindu,KHEDA,18000,HSC,65.47,2023-24,G.H.S.E.B,COMMERCE,0,active,Not Churn,0,Active
23BCA04223,BPCCS,6,Female,OPEN,Hindu,KHEDA,18000,HSC,52.28,2023-24,G.H.S.E.B,COMMERCE,0,active,Not Churn,0,Active
23BCA04232,BPCCS,6,Male,OPEN,Hindu,GANDHINAGAR,18000,HSC,57.87,2023-24,G.H.S.E.B,COMMERCE,0,active,Not Churn,0,Active
23BCA04480,BPCCS,6,Male,OBC,Hindu,BANASKANTHA,18000,HSC,57.57,2023-24,G.H.S.E.B,COMMERCE,0,active,Not Churn,0,Active
23BCA04102,BPCCS,6,Male,OPEN,Hindu,GANDHINAGAR,18000,HSC,51.8,2023-24,CBSE,ARTS,0,active,Not Churn,0,Active
23BCA04169,BPCCS,6,Male,OPEN,Hindu,GANDHINAGAR,18000,HSC,77.57,2023-24,G.H.S.E.B,COMMERCE,0,active,Not Churn,0,Active
23BCA04430,BPCCS,6,Female,OPEN,Hindu,AHMEDABAD,18000,HSC,71.0,2023-24,G.H.S.E.B,COMMERCE,0,active,Not Churn,0,Active
23BCA04168,BPCCS,6,Female,OPEN,Hindu,GANDHINAGAR,18000,HSC,65.0,2023-24,G.H.S.E.B,COMMERCE,0,active,Not Churn,0,Active
23BCA04122,BPCCS,6,Female,OPEN,Hindu,RAJKOT,18000,HSC,73.28,2023-24,G.H.S.E.B,COMMERCE,0,active,Not Churn,0,Active
23BCA04101,BPCCS,6,Female,OPEN,Hindu,RAJKOT,18000,HSC,77.8,2023-24,G.H.S.E.B,COMMERCE,0,active,Not Churn,0,Active
23BCA04477,BPCCS,6,Female,OPEN,Hindu,AHMEDABAD,18000,HSC,73.73,2023-24,G.H.S.E.B,COMMERCE,0,active,Not Churn,0,Active
23BCA04103,BPCCS,6,Female,OPEN,Hindu,SIROHI,18000,HSC,84.8,2023-24,Other,COMMERCE,0,active,Not Churn,0,Active
23BCA53135,SVICS-G,3,Female,SEBC,Hindu,GANDHINAGAR,27000,HSC,59.57,2023-24,G.H.S.E.B,COMMERCE,0,dropout_mid,Churn,0,Active
23BCA53130,SVICS-G,3,Male,SEBC,Hindu,AHMEDABAD,27000,HSC,40.53,2023-24,G.H.S.E.B,COMMERCE,0,dropout_mid,Churn,0,Active
23BCA04198,BPCCS,6,Female,OPEN,Hindu,ARVALLI,18000,HSC,75.0,2023-24,G.H.S.E.B,COMMERCE,0,active,Not Churn,0,Active
23BCA04289,BPCCS,6,Female,OPEN,Hindu,ARVALLI,18000,HSC,69.28,2023-24,G.H.S.E.B,COMMERCE,0,active,Not Churn,0,Active
23BCA04366,BPCCS,6,Male,OPEN,Hindu,MORBI,18000,HSC,52.57,2022-23,G.H.S.E.B,COMMERCE,0,active,Not Churn,0,Active
23BCA04139,BPCCS,6,Female,OPEN,Hindu,KHEDA,18000,HSC,76.57,2023-24,G.H.S.E.B,COMMERCE,0,active,Not Churn,0,Active
23BCA04217,BPCCS,6,Male,OPEN,Hindu,ARVALLI,18000,HSC,51.57,2023-24,G.H.S.E.B,ARTS,0,active,Not Churn,0,Active
23BCA04061,BPCCS,6,Male,OPEN,Hindu,GANDHINAGAR,18000,HSC,57.86,2022-23,G.H.S.E.B,COMMERCE,0,active,Not Churn,0,Active
23BCA04162,BPCCS,6,Female,SCST,Hindu,GANDHINAGAR,18000,HSC,57.71,2022-23,G.H.S.E.B,SCIENCE,0,active,Not Churn,0,Active
23BCA53101,SVICS-G,3,Female,OPEN,Hindu,SURENDRANAGAR,27000,HSC,50.43,2023-24,G.H.S.E.B,COMMERCE,0,dropout_mid,Churn,0,Active
23BCA53105,SVICS-G,3,Female,OPEN,Hindu,SURENDRANAGAR,27000,HSC,67.86,2023-24,G.H.S.E.B,COMMERCE,0,dropout_mid,Churn,0,Active
23BCA04432,BPCCS,6,Female,OPEN,Hindu,GANDHINAGAR,18000,HSC,49.0,2023-24,G.H.S.E.B,COMMERCE,0,active,Not Churn,0,Active
23BCA04353,BPCCS,6,Female,OPEN,Hindu,GANDHINAGAR,18000,HSC,47.28,2023-24,G.H.S.E.B,COMMERCE,0,active,Not Churn,0,Active
23BCA04266,BPCCS,6,Male,OPEN,Hindu,AHMEDABAD,18000,SSC,0.0,2023-24,GSEB,COMMERCE,0,active,Not Churn,0,Active
23BCA53097,SVICS-G,3,Female,OPEN,Hindu,ANAND,27000,HSC,66.57,2023-24,G.H.S.E.B,ARTS,0,dropout_mid,Churn,0,Active
23BCA04539,BPCCS,6,Female,OPEN,Hindu,JAMNAGAR,18000,HSC,44.14,2023-24,G.H.S.E.B,COMMERCE,0,active,Not Churn,0,Active
23BCA04279,BPCCS,6,Female,OPEN,Hindu,ANAND,18000,HSC,69.0,2023-24,G.H.S.E.B,COMMERCE,0,active,Not Churn,0,Active
23BCA04395,BPCCS,6,Female,SEBC,Hindu,SURENDRANAGAR,18000,HSC,67.71,2023-24,G.H.S.E.B,COMMERCE,0,active,Not Churn,0,Active
23BCA04394,BPCCS,6,Female,SEBC,Hindu,SURENDRANAGAR,18000,HSC,85.0,2023-24,G.H.S.E.B,COMMERCE,0,active,Not Churn,0,Active
23BCA04055,BPCCS,6,Female,SEBC,Hindu,SURENDRANAGAR,18000,HSC,81.14,2023-24,G.H.S.E.B,COMMERCE,0,active,Not Churn,0,Active
23BCA04325,BPCCS,6,Female,SEBC,Hindu,AHMEDABAD,18000,HSC,42.2,2023-24,G.H.S.E.B,COMMERCE,0,active,Not Churn,0,Active
23BCA04428,BPCCS,6,Female,SEBC,Hindu,SURENDRANAGAR,18000,HSC,87.43,2023-24,G.H.S.E.B,COMMERCE,0,active,Not Churn,0,Active
23BCA04313,BPCCS,6,Female,OBC,Hindu,GANDHINAGAR,18000,HSC,68.0,2023-24,G.H.S.E.B,COMMERCE,0,active,Not Churn,0,Active
23BCA04123,BPCCS,6,Female,SEBC,Hindu,SURENDRANAGAR,18000,HSC,67.57,2023-24,G.H.S.E.B,COMMERCE,0,active,Not Churn,0,Active
23BCA04229,BPCCS,6,Male,OPEN,Hindu,AHMEDABAD,18000,HSC,57.43,2023-24,G.H.S.E.B,COMMERCE,0,active,Not Churn,0,Active
23BCA53056,SVICS-G,3,Male,SEBC,Hindu,AHMEDABAD,27000,HSC,56.67,2023-24,G.H.S.E.B,COMMERCE,0,dropout_mid,Churn,0,Active
23BCA04502,BPCCS,6,Female,OPEN,Hindu,SURENDRANAGAR,18000,HSC,70.0,2023-24,G.H.S.E.B,COMMERCE,0,active,Not Churn,0,Active
23BCA53013,SVICS-G,3,Male,OPEN,Hindu,GANDHINAGAR,27000,HSC,66.53,2023-24,G.H.S.E.B,COMMERCE,0,dropout_mid,Churn,0,Active
23BCA04189,BPCCS,6,Female,OBC,Hindu,SURENDRANAGAR,18000,HSC,68.0,2023-24,G.H.S.E.B,ARTS,0,active,Not Churn,0,Active
23BCA04130,BPCCS,6,Male,OPEN,Muslim,MORBI,18000,HSC,51.86,2023-24,G.H.S.E.B,COMMERCE,0,active,Not Churn,0,Active
23BCA04199,BPCCS,6,Male,OPEN,Hindu,GANDHINAGAR,18000,HSC,60.86,2023-24,G.H.S.E.B,COMMERCE,0,active,Not Churn,0,Active
23BCA04181,BPCCS,6,Female,OPEN,Hindu,BOTAD,18000,HSC,74.0,2023-24,G.H.S.E.B,ARTS,0,active,Not Churn,0,Active
23BCA04374,BPCCS,6,Male,OPEN,Hindu,GANDHINAGAR,18000,HSC,58.0,2023-24,G.H.S.E.B,ARTS,0,active,Not Churn,0,Active
23BCA04397,BPCCS,6,Male,OPEN,Hindu,BANASKANTHA,18000,HSC,76.0,2023-24,G.H.S.E.B,COMMERCE,0,active,Not Churn,0,Active
23BCA53131,SVICS-G,3,Male,OBC,Hindu,AHMEDABAD,27000,HSC,40.93,2023-24,G.H.S.E.B,COMMERCE,0,dropout_mid,Churn,0,Active
23BCA04326,BPCCS,6,Female,SEBC,Hindu,AHMEDABAD,18000,HSC,48.0,2023-24,G.H.S.E.B,COMMERCE,0,active,Not Churn,0,Active
23BCA04544,BPCCS,6,Female,OPEN,Hindu,MORBI,18000,HSC,67.14,2023-24,G.H.S.E.B,COMMERCE,0,active,Not Churn,0,Active
23BCA04546,BPCCS,6,Female,SEBC,Hindu,SURENDRANAGAR,18000,HSC,55.28,2023-24,G.H.S.E.B,COMMERCE,0,active,Not Churn,0,Active
23BCA04253,BPCCS,6,Male,OPEN,Hindu,AHMEDABAD,18000,HSC,49.57,2023-24,G.H.S.E.B,COMMERCE,0,active,Not Churn,0,Active
23BCA04208,BPCCS,6,Male,OPEN,Hindu,SABARKANTHA,18000,HSC,57.2,2023-24,G.H.S.E.B,COMMERCE,0,active,Not Churn,0,Active
23BCA04210,BPCCS,6,Male,OPEN,Hindu,AHMEDABAD,18000,HSC,63.57,2023-24,G.H.S.E.B,COMMERCE,0,active,Not Churn,0,Active
23BCA04497,BPCCS,6,Male,OPEN,Hindu,AHMEDABAD,18000,HSC,39.28,2023-24,G.H.S.E.B,COMMERCE,0,active,Not Churn,0,Active
23BCA04507,BPCCS,6,Female,OBC,Hindu,GANDHINAGAR,18000,HSC,60.14,2023-24,G.H.S.E.B,COMMERCE,0,active,Not Churn,0,Active
23BCA04156,BPCCS,6,Male,OPEN,Muslim,MORBI,18000,HSC,63.28,2023-24,G.H.S.E.B,COMMERCE,0,active,Not Churn,0,Active
23BCA04158,BPCCS,6,Male,SCST,Hindu,GANDHINAGAR,18000,HSC,50.8,2023-24,G.H.S.E.B,ARTS,0,active,Not Churn,0,Active
23BCA04006,BPCCS,6,Male,OPEN,Muslim,MORBI,18000,HSC,75.0,2023-24,G.H.S.E.B,COMMERCE,0,active,Not Churn,0,Active
23BCA04468,BPCCS,6,Male,SEBC,Hindu,BOTAD,18000,HSC,77.0,2023-24,G.H.S.E.B,COMMERCE,0,active,Not Churn,0,Active
23BCA04321,BPCCS,6,Male,OBC,Hindu,AHMEDABAD,18000,HSC,47.07,2023-24,G.H.S.E.B,COMMERCE,0,active,Not Churn,0,Active
23BCA04492,BPCCS,6,Male,OPEN,Hindu,GANDHINAGAR,18000,HSC,40.04,2023-24,G.H.S.E.B,COMMERCE,0,active,Not Churn,0,Active
23BCA04234,BPCCS,6,Female,OPEN,Hindu,SURENDRANAGAR,18000,HSC,81.0,2023-24,G.H.S.E.B,COMMERCE,0,active,Not Churn,0,Active
23BCA53118,SVICS-G,3,Female,OPEN,Hindu,ARVALLI,27000,HSC,52.67,2023-24,G.H.S.E.B,COMMERCE,0,dropout_mid,Churn,0,Active
23BCA04009,BPCCS,6,Male,OPEN,Muslim,MORBI,18000,HSC,75.43,2023-24,G.H.S.E.B,COMMERCE,0,active,Not Churn,0,Active
23BCA04424,BPCCS,6,Male,OPEN,Muslim,MORBI,18000,HSC,57.57,2023-24,G.H.S.E.B,COMMERCE,0,active,Not Churn,0,Active
23BCA04237,BPCCS,6,Female,OPEN,Hindu,SURENDRANAGAR,18000,HSC,65.42,2023-24,G.H.S.E.B,COMMERCE,0,active,Not Churn,0,Active
23BCA53018,SVICS-G,3,Male,OPEN,Hindu,AMRELI,27000,HSC,58.0,2023-24,G.H.S.E.B,COMMERCE,0,dropout_mid,Churn,0,Active
23BCA04443,BPCCS,6,Female,OPEN,Hindu,GANDHINAGAR,18000,HSC,49.6,2023-24,G.H.S.E.B,COMMERCE,0,active,Not Churn,0,Active
23BCA04490,BPCCS,6,Female,OPEN,Hindu,SURENDRANAGAR,18000,HSC,55.57,2023-24,G.H.S.E.B,ARTS,0,active,Not Churn,0,Active
23BCA04504,BPCCS,6,Female,OPEN,Hindu,GANDHINAGAR,18000,HSC,56.0,2023-24,G.H.S.E.B,COMMERCE,0,active,Not Churn,0,Active
23BCA04186,BPCCS,6,Male,SEBC,Hindu,GANDHINAGAR,18000,HSC,67.14,2023-24,G.H.S.E.B,COMMERCE,0,active,Not Churn,0,Active
23BCA04479,BPCCS,6,Male,OPEN,Hindu,KUTCH,18000,HSC,57.0,2023-24,CBSE,COMMERCE,0,active,Not Churn,0,Active
23BCA53019,SVICS-G,3,Male,OPEN,Hindu,GANDHINAGAR,27000,HSC,50.14,2023-24,G.H.S.E.B,COMMERCE,0,dropout_mid,Churn,0,Active
23BCA04115,BPCCS,6,Male,SEBC,Hindu,SURENDRANAGAR,18000,HSC,44.28,2023-24,G.H.S.E.B,COMMERCE,0,active,Not Churn,0,Active
23BCA04109,BPCCS,3,Male,OPEN,Hindu,JUNAGADH,18000,HSC,52.0,2023-24,G.H.S.E.B,COMMERCE,0,dropout_mid,Churn,0,Active
23BCA04248,BPCCS,6,Male,OPEN,Hindu,MEHSANA,18000,HSC,47.46,2023-24,G.H.S.E.B,COMMERCE,0,active,Not Churn,0,Active
23BCA04023,BPCCS,6,Male,OPEN,Hindu,JUNAGADH,18000,HSC,65.0,2023-24,G.H.S.E.B,COMMERCE,0,active,Not Churn,0,Active
23BCA04264,BPCCS,6,Female,OPEN,Hindu,BHAVNAGAR,18000,HSC,69.42,2023-24,G.H.S.E.B,COMMERCE,0,active,Not Churn,0,Active
23BCA04456,BPCCS,6,Female,OPEN,Hindu,RAJKOT,18000,HSC,78.0,2023-24,G.H.S.E.B,COMMERCE,0,active,Not Churn,0,Active
23BCA04246,BPCCS,6,Male,OPEN,Hindu,MEHSANA,18000,HSC,75.7,2023-24,G.H.S.E.B,COMMERCE,0,active,Not Churn,0,Active
23BCA04257,BPCCS,6,Male,OPEN,Hindu,GANDHINAGAR,18000,HSC,59.02,2023-24,G.H.S.E.B,COMMERCE,0,active,Not Churn,0,Active
23BCA04420,BPCCS,6,Female,OPEN,Hindu,AHMEDABAD,18000,HSC,49.73,2023-24,G.H.S.E.B,COMMERCE,0,active,Not Churn,0,Active
23BCA04419,BPCCS,6,Female,OPEN,Hindu,AHMEDABAD,18000,HSC,45.0,2023-24,G.H.S.E.B,COMMERCE,0,active,Not Churn,0,Active
23BCA04341,BPCCS,6,Male,SCST,Hindu,KHEDA,18000,HSC,46.8,2023-24,G.H.S.E.B,COMMERCE,0,active,Not Churn,0,Active
23BCA04221,BPCCS,6,Male,OPEN,Hindu,GANDHINAGAR,18000,HSC,59.14,2023-24,G.H.S.E.B,COMMERCE,0,active,Not Churn,0,Active
23BCA04434,BPCCS,6,Female,OPEN,Hindu,AHMEDABAD,18000,HSC,58.14,2022-23,G.H.S.E.B,ARTS,0,active,Not Churn,0,Active
23BCA04472,BPCCS,6,Male,OBC,Hindu,AHMEDABAD,18000,HSC,47.43,2023-24,G.H.S.E.B,COMMERCE,0,active,Not Churn,0,Active
23BCA04218,BPCCS,6,Female,OPEN,Hindu,MEHSANA,18000,HSC,66.86,2023-24,G.H.S.E.B,COMMERCE,0,active,Not Churn,0,Active
23BCA04205,BPCCS,6,Female,OPEN,Hindu,AHMEDABAD,18000,HSC,63.0,2023-24,G.H.S.E.B,COMMERCE,0,active,Not Churn,0,Active
23BCA53025,SVICS-G,3,Female,OBC,Hindu,GANDHINAGAR,27000,HSC,85.28,2023-24,G.H.S.E.B,COMMERCE,0,dropout_mid,Churn,0,Active
23BCA04175,BPCCS,6,Male,SEBC,Hindu,PATAN,18000,HSC,76.28,2023-24,G.H.S.E.B,COMMERCE,0,active,Not Churn,0,Active
23BCA04414,BPCCS,6,Female,SEBC,Hindu,GANDHINAGAR,18000,HSC,53.0,2023-24,G.H.S.E.B,COMMERCE,0,active,Not Churn,0,Active
23BCA04382,BPCCS,6,Male,OPEN,Muslim,MORBI,18000,HSC,72.29,2023-24,G.H.S.E.B,COMMERCE,0,active,Not Churn,0,Active
23BCA04007,BPCCS,6,Male,OPEN,Muslim,MORBI,18000,HSC,63.4,2023-24,G.H.S.E.B,COMMERCE,0,active,Not Churn,0,Active
23BCA04525,BPCCS,6,Male,OPEN,Muslim,MORBI,18000,HSC,73.28,2023-24,G.H.S.E.B,COMMERCE,0,active,Not Churn,0,Active
23BCA04010,BPCCS,6,Male,OPEN,Muslim,MORBI,18000,HSC,62.28,2023-24,G.H.S.E.B,COMMERCE,0,active,Not Churn,0,Active
23BCA04284,BPCCS,6,Male,OPEN,Hindu,GANDHINAGAR,18000,HSC,60.28,2023-24,G.H.S.E.B,COMMERCE,0,active,Not Churn,0,Active
23BCA04154,BPCCS,6,Male,OPEN,Muslim,MORBI,18000,HSC,62.0,2023-24,G.H.S.E.B,COMMERCE,0,active,Not Churn,0,Active
23BCA04308,BPCCS,6,Male,SEBC,Hindu,GANDHINAGAR,18000,HSC,66.57,2023-24,G.H.S.E.B,COMMERCE,0,active,Not Churn,0,Active
23BCA04444,BPCCS,6,Male,OPEN,Hindu,GANDHINAGAR,18000,HSC,49.42,2022-23,G.H.S.E.B,COMMERCE,0,active,Not Churn,0,Active
23BCA04465,BPCCS,6,Male,OPEN,Hindu,KUTCH,18000,HSC,69.57,2023-24,G.H.S.E.B,COMMERCE,0,active,Not Churn,0,Active
23BCA04467,BPCCS,2,Male,OPEN,Hindu,GANDHINAGAR,18000,HSC,66.86,2023-24,G.H.S.E.B,ARTS,0,active,Not Churn,0,Active
23BCA04124,BPCCS,6,Male,OBC,Hindu,SURENDRANAGAR,18000,HSC,54.14,2021-22,G.H.S.E.B,COMMERCE,0,active,Not Churn,0,Active
23BCA53099,SVICS-G,3,Female,OPEN,Hindu,AHMEDABAD,27000,HSC,67.57,2023-24,G.H.S.E.B,COMMERCE,0,dropout_mid,Churn,0,Active
23BCA53107,SVICS-G,3,Female,OPEN,Hindu,GANDHINAGAR,27000,HSC,72.28,2023-24,G.H.S.E.B,COMMERCE,0,dropout_mid,Churn,0,Active
23BCA04299,BPCCS,6,Female,SEBC,Muslim,GANDHINAGAR,18000,HSC,72.0,2023-24,G.H.S.E.B,COMMERCE,0,active,Not Churn,0,Active
23BCA04148,BPCCS,3,Male,OPEN,Hindu,RAJKOT,18000,HSC,53.43,2023-24,G.H.S.E.B,COMMERCE,0,active,Not Churn,0,Active
23BCA04409,BPCCS,6,Male,SEBC,Hindu,GANDHINAGAR,18000,SSC,66.0,2021-22,GSEB,COMMERCE,0,active,Not Churn,0,Active
23BCA04053,BPCCS,6,Male,OPEN,Hindu,GANDHINAGAR,18000,HSC,47.0,2023-24,G.H.S.E.B,COMMERCE,0,active,Not Churn,0,Active
23BCA04091,BPCCS,5,Male,SEBC,Hindu,ARVALLI,18000,HSC,60.14,2022-23,G.H.S.E.B,COMMERCE,0,active,Not Churn,0,Active
23BCA53166,SVICS-G,3,Female,SEBC,Hindu,MEHSANA,27000,SSC,72.17,2021-22,GSEB,COMMERCE,0,dropout_mid,Churn,0,Active
23BCA53222,SVICS-G,3,Male,OBC,Hindu,AHMEDABAD,27000,HSC,46.0,2023-24,G.H.S.E.B,COMMERCE,0,dropout_mid,Churn,0,Active
23BCA04392,BPCCS,6,Male,SCST,Hindu,GANDHINAGAR,18000,HSC,46.2,2022-23,G.H.S.E.B,ARTS,0,active,Not Churn,0,Active
23BCA04028,BPCCS,6,Male,OPEN,Hindu,SABARKANTHA,18000,HSC,57.0,2023-24,G.H.S.E.B,COMMERCE,0,active,Not Churn,0,Active
23BCA04104,BPCCS,6,Female,OPEN,Hindu,SURENDRANAGAR,18000,HSC,71.85,2023-24,G.H.S.E.B,COMMERCE,0,active,Not Churn,0,Active
23BCA04529,BPCCS,6,Male,SEBC,Hindu,SURENDRANAGAR,18000,HSC,60.42,2023-24,G.H.S.E.B,ARTS,0,active,Not Churn,0,Active
23BCA04509,BPCCS,6,Male,SEBC,Hindu,GANDHINAGAR,18000,HSC,54.93,2023-24,G.H.S.E.B,COMMERCE,0,active,Not Churn,0,Active
23BCA04487,BPCCS,3,Male,SEBC,Hindu,SURENDRANAGAR,18000,HSC,52.71,2023-24,G.H.S.E.B,ARTS,0,active,Not Churn,0,Active
23BCA04092,BPCCS,6,Male,SEBC,Hindu,GANDHINAGAR,18000,HSC,46.0,2023-24,G.H.S.E.B,COMMERCE,0,active,Not Churn,0,Active
23BCA04097,BPCCS,6,Female,OPEN,Hindu,SURENDRANAGAR,18000,HSC,72.43,2023-24,G.H.S.E.B,COMMERCE,0,active,Not Churn,0,Active
23BCA04427,BPCCS,6,Female,OPEN,Hindu,RAJKOT,18000,HSC,81.57,2023-24,G.H.S.E.B,COMMERCE,0,active,Not Churn,0,Active
23BCA04545,BPCCS,6,Male,OPEN,Hindu,DEVBHUMI DWARKA,18000,HSC,54.0,2023-24,G.H.S.E.B,COMMERCE,0,active,Not Churn,0,Active
23BCA04522,BPCCS,6,Male,OPEN,Muslim,HIMMATNAGAR,18000,HSC,39.85,2023-24,G.H.S.E.B,COMMERCE,0,active,Not Churn,0,Active
23BCA04225,BPCCS,6,Female,OPEN,Hindu,GANDHINAGAR,18000,HSC,78.0,2023-24,G.H.S.E.B,COMMERCE,0,active,Not Churn,0,Active
23BCA04254,BPCCS,6,Female,OPEN,Hindu,GANDHINAGAR,18000,HSC,64.46,2023-24,G.H.S.E.B,COMMERCE,0,active,Not Churn,0,Active
23BCA04200,BPCCS,6,Female,OPEN,Hindu,GANDHINAGAR,18000,HSC,71.14,2023-24,G.H.S.E.B,COMMERCE,0,active,Not Churn,0,Active
23BCA53202,SVICS-G,3,Male,SCST,Hindu,SABARKANTHA,27000,HSC,50.71,2023-24,G.H.S.E.B,COMMERCE,0,dropout_mid,Churn,0,Active
23BCA53183,SVICS-G,3,Female,OPEN,Hindu,SURENDRANAGAR,27000,HSC,76.71,2023-24,G.H.S.E.B,COMMERCE,0,dropout_mid,Churn,0,Active
23BCA04311,BPCCS,6,Female,SEBC,Hindu,GANDHINAGAR,18000,HSC,67.2,2023-24,G.H.S.E.B,COMMERCE,0,active,Not Churn,0,Active
23BCA04080,BPCCS,6,Male,OPEN,Hindu,AMRELI,18000,HSC,65.85,2023-24,G.H.S.E.B,COMMERCE,0,active,Not Churn,0,Active
23BCA53063,SVICS-G,3,Male,SEBC,Hindu,GANDHINAGAR,27000,HSC,62.71,2023-24,G.H.S.E.B,COMMERCE,0,dropout_mid,Churn,0,Active
23BCA04390,BPCCS,6,Female,SEBC,Hindu,GANDHINAGAR,18000,HSC,67.42,2023-24,G.H.S.E.B,COMMERCE,0,active,Not Churn,0,Active
23BCA04179,BPCCS,6,Male,SEBC,Hindu,GANDHINAGAR,18000,HSC,44.85,2023-24,G.H.S.E.B,ARTS,0,active,Not Churn,0,Active
23BCA04473,BPCCS,6,Male,OPEN,Hindu,MORBI,18000,HSC,47.86,2023-24,G.H.S.E.B,COMMERCE,0,active,Not Churn,0,Active
23BCA04060,BPCCS,6,Male,OPEN,Muslim,GANDHINAGAR,18000,HSC,43.0,2023-24,G.H.S.E.B,COMMERCE,0,active,Not Churn,0,Active
23BCA04258,BPCCS,6,Male,OPEN,Hindu,GANDHINAGAR,18000,HSC,75.71,2023-24,G.H.S.E.B,COMMERCE,0,active,Not Churn,0,Active
23BCA53156,SVICS-G,3,Male,SEBC,Hindu,MEHSANA,27000,HSC,72.57,2023-24,G.H.S.E.B,ARTS,0,dropout_mid,Churn,0,Active
23BCA04164,BPCCS,6,Male,SEBC,Hindu,GANDHINAGAR,18000,HSC,58.42,2023-24,G.H.S.E.B,COMMERCE,0,active,Not Churn,0,Active
23BCA04149,BPCCS,6,Male,OPEN,Muslim,MORBI,18000,HSC,38.71,2023-24,G.H.S.E.B,COMMERCE,0,active,Not Churn,0,Active
23BCA04075,BPCCS,6,Female,SEBC,Hindu,GANDHINAGAR,18000,HSC,49.0,2023-24,G.H.S.E.B,COMMERCE,0,active,Not Churn,0,Active
23BCA04270,BPCCS,6,Female,OPEN,Hindu,GANDHINAGAR,18000,HSC,63.28,2023-24,G.H.S.E.B,COMMERCE,0,active,Not Churn,0,Active
23BCA04503,BPCCS,6,Male,OPEN,Hindu,GANDHINAGAR,18000,HSC,58.57,2023-24,G.H.S.E.B,COMMERCE,0,active,Not Churn,0,Active
23BCA04018,BPCCS,6,Female,SEBC,Hindu,MAHISAGAR,18000,HSC,78.93,2023-24,G.H.S.E.B,COMMERCE,0,active,Not Churn,0,Active
23BCA04230,BPCCS,6,Male,OPEN,Hindu,GANDHINAGAR,18000,HSC,54.8,2023-24,G.H.S.E.B,COMMERCE,0,active,Not Churn,0,Active
23BCA04464,BPCCS,5,Male,OPEN,Hindu,SURENDRANAGAR,18000,HSC,61.0,2023-24,G.H.S.E.B,COMMERCE,0,active,Not Churn,0,Active
23BCA04317,BPCCS,6,Male,OPEN,Hindu,AHMEDABAD,18000,HSC,50.0,2023-24,G.H.S.E.B,COMMERCE,0,active,Not Churn,0,Active
23BCA04474,BPCCS,6,Male,OPEN,Hindu,SURENDRANAGAR,18000,HSC,43.28,2023-24,G.H.S.E.B,COMMERCE,0,active,Not Churn,0,Active
23BCA04003,BPCCS,6,Male,SCST,Hindu,ARVALLI,18000,HSC,76.53,2023-24,G.H.S.E.B,ARTS,0,active,Not Churn,0,Active
23BCA04136,BPCCS,6,Male,SEBC,Hindu,GANDHINAGAR,18000,HSC,53.0,2023-24,G.H.S.E.B,COMMERCE,0,active,Not Churn,0,Active
23BCA04153,BPCCS,6,Male,OPEN,Muslim,MORBI,18000,HSC,76.71,2023-24,G.H.S.E.B,COMMERCE,0,active,Not Churn,0,Active
23BCA04016,BPCCS,6,Female,OPEN,Hindu,GANDHINAGAR,18000,HSC,44.67,2023-24,G.H.S.E.B,COMMERCE,0,active,Not Churn,0,Active
23BCA04365,BPCCS,6,Male,SEBC,Muslim,GANDHINAGAR,18000,HSC,47.0,2023-24,G.H.S.E.B,COMMERCE,0,active,Not Churn,0,Active
23BCA04293,BPCCS,6,Male,OPEN,Hindu,ARVALLI,18000,HSC,79.42,2023-24,G.H.S.E.B,COMMERCE,0,active,Not Churn,0,Active
23BCA04422,BPCCS,6,Male,OPEN,Hindu,JAMNAGAR,18000,HSC,70.85,2023-24,G.H.S.E.B,COMMERCE,0,active,Not Churn,0,Active
23BCA04132,BPCCS,6,Male,OPEN,Hindu,JAMNAGAR,18000,HSC,65.14,2023-24,G.H.S.E.B,COMMERCE,0,active,Not Churn,0,Active
23BCA04011,BPCCS,6,Male,OPEN,Muslim,MORBI,18000,HSC,84.28,2022-23,G.H.S.E.B,COMMERCE,0,active,Not Churn,0,Active
23BCA04070,BPCCS,6,Male,OBC,Hindu,GANDHINAGAR,18000,HSC,47.8,2023-24,G.H.S.E.B,COMMERCE,0,active,Not Churn,0,Active
23BCA04506,BPCCS,6,Male,SEBC,Hindu,GANDHINAGAR,18000,HSC,52.53,2023-24,G.H.S.E.B,COMMERCE,0,active,Not Churn,0,Active
23BCA04089,BPCCS,6,Female,SEBC,Hindu,GANDHINAGAR,18000,HSC,54.26,2023-24,G.H.S.E.B,COMMERCE,0,active,Not Churn,0,Active
23BCA04336,BPCCS,6,Female,OPEN,Hindu,AHMEDABAD,18000,HSC,52.78,2023-24,G.H.S.E.B,COMMERCE,0,active,Not Churn,0,Active
23BCA04212,BPCCS,6,Male,OPEN,Hindu,JUNAGADH,18000,HSC,74.0,2023-24,G.H.S.E.B,ARTS,0,active,Not Churn,0,Active
23BCA04263,BPCCS,6,Female,OPEN,Hindu,AHMEDABAD,18000,SSC,64.5,2021-22,GSEB,COMMERCE,0,active,Not Churn,0,Active
23BCA53138,SVICS-G,3,Male,SEBC,Hindu,GANDHINAGAR,27000,SSC,75.83,2021-22,GSEB,COMMERCE,0,dropout_mid,Churn,0,Active
23BCA04251,BPCCS,6,Female,OPEN,Hindu,GANDHINAGAR,18000,HSC,72.0,2023-24,G.H.S.E.B,COMMERCE,0,active,Not Churn,0,Active
23BCA04514,BPCCS,5,Male,SEBC,Hindu,GANDHINAGAR,18000,HSC,43.0,2023-24,G.H.S.E.B,COMMERCE,0,active,Not Churn,0,Active
23BCA04371,BPCCS,6,Female,OPEN,Hindu,GANDHINAGAR,18000,HSC,40.71,2023-24,G.H.S.E.B,COMMERCE,0,active,Not Churn,0,Active
23BCA04224,BPCCS,6,Female,OPEN,Hindu,ARVALLI,18000,HSC,78.0,2023-24,G.H.S.E.B,COMMERCE,0,active,Not Churn,0,Active
23BCA04052,BPCCS,6,Male,SEBC,Muslim,GANDHINAGAR,18000,HSC,71.33,2023-24,G.H.S.E.B,COMMERCE,0,active,Not Churn,0,Active
23BCA04216,BPCCS,6,Female,OPEN,Hindu,AHMEDABAD,18000,HSC,67.0,2023-24,G.H.S.E.B,COMMERCE,0,active,Not Churn,0,Active
23BCA04207,BPCCS,6,Female,OPEN,Hindu,GANDHINAGAR,18000,HSC,60.57,2023-24,G.H.S.E.B,COMMERCE,0,active,Not Churn,0,Active
23BCA04486,BPCCS,6,Female,SCST,Hindu,GANDHINAGAR,18000,HSC,68.0,2023-24,G.H.S.E.B,COMMERCE,0,active,Not Churn,0,Active
23BCA04245,BPCCS,6,Female,OPEN,Hindu,GANDHINAGAR,18000,HSC,79.71,2023-24,G.H.S.E.B,COMMERCE,0,active,Not Churn,0,Active
23BCA04350,BPCCS,6,Male,OBC,Hindu,GANDHINAGAR,18000,HSC,66.93,2022-23,G.H.S.E.B,COMMERCE,0,active,Not Churn,0,Active
23BCA04144,BPCCS,6,Male,SEBC,Muslim,GANDHINAGAR,18000,HSC,62.66,2023-24,G.H.S.E.B,COMMERCE,0,active,Not Churn,0,Active
23BCA04319,BPCCS,6,Male,SEBC,Hindu,GANDHINAGAR,18000,HSC,74.28,2023-24,G.H.S.E.B,COMMERCE,0,active,Not Churn,0,Active
23BCA04305,BPCCS,6,Male,SEBC,Hindu,GANDHINAGAR,18000,HSC,65.86,2023-24,G.H.S.E.B,COMMERCE,0,active,Not Churn,0,Active
23BCA53145,SVICS-G,3,Male,SCST,Hindu,GANDHINAGAR,27000,HSC,63.14,2022-23,G.H.S.E.B,COMMERCE,0,dropout_mid,Churn,0,Active
23BCA04334,BPCCS,6,Male,OPEN,Hindu,SURAT,18000,HSC,62.75,2023-24,G.H.S.E.B,COMMERCE,0,active,Not Churn,0,Active
23BCA04346,BPCCS,6,Male,SEBC,Hindu,GANDHINAGAR,18000,HSC,56.0,2023-24,G.H.S.E.B,COMMERCE,0,active,Not Churn,0,Active
23BCA04298,BPCCS,6,Male,SEBC,Muslim,GANDHINAGAR,18000,HSC,48.66,2023-24,G.H.S.E.B,COMMERCE,0,active,Not Churn,0,Active
23BCA04110,BPCCS,6,Female,OPEN,Muslim,MEHSANA,18000,HSC,78.4,2023-24,G.H.S.E.B,COMMERCE,0,active,Not Churn,0,Active
23BCA04022,BPCCS,6,Female,OPEN,Muslim,MEHSANA,18000,HSC,78.08,2023-24,G.H.S.E.B,COMMERCE,0,active,Not Churn,0,Active
23BCA04402,BPCCS,6,Male,OBC,Hindu,GANDHINAGAR,18000,HSC,59.69,2019-20,G.H.S.E.B,SCIENCE,0,active,Not Churn,0,Active
23BCA04250,BPCCS,6,Female,OPEN,Hindu,GANDHINAGAR,18000,HSC,76.85,2023-24,G.H.S.E.B,COMMERCE,0,active,Not Churn,0,Active
23BCA04172,BPCCS,6,Male,OPEN,Hindu,GIR SOMNATH,18000,HSC,77.85,2023-24,G.H.S.E.B,COMMERCE,0,active,Not Churn,0,Active
23BCA04286,BPCCS,4,Female,OPEN,Hindu,AHMEDABAD,18000,HSC,43.06,2023-24,G.H.S.E.B,COMMERCE,0,active,Not Churn,0,Active
23BCA53011,SVICS-G,3,Male,OPEN,Hindu,RAJKOT,27000,HSC,72.28,2023-24,G.H.S.E.B,COMMERCE,0,dropout_mid,Churn,0,Active
23BCA04068,BPCCS,6,Female,OPEN,Hindu,GANDHINAGAR,18000,HSC,60.14,2023-24,G.H.S.E.B,COMMERCE,0,active,Not Churn,0,Active
23BCA04261,BPCCS,6,Female,OPEN,Hindu,GANDHINAGAR,18000,HSC,73.86,2023-24,G.H.S.E.B,COMMERCE,0,active,Not Churn,0,Active
23BCA04388,BPCCS,6,Female,SCST,Hindu,GANDHINAGAR,18000,HSC,55.28,2023-24,G.H.S.E.B,COMMERCE,0,active,Not Churn,0,Active
23BCA04166,BPCCS,6,Female,OPEN,Muslim,MEHSANA,18000,HSC,66.93,2023-24,G.H.S.E.B,COMMERCE,0,active,Not Churn,0,Active
23BCA04195,BPCCS,6,Female,SCST,Hindu,GANDHINAGAR,18000,HSC,50.0,2023-24,G.H.S.E.B,COMMERCE,0,active,Not Churn,0,Active
23BCA04185,BPCCS,6,Male,OPEN,Muslim,MORBI,18000,HSC,70.86,2023-24,G.H.S.E.B,COMMERCE,0,active,Not Churn,0,Active
23BCA04269,BPCCS,6,Male,OPEN,Hindu,GANDHINAGAR,18000,HSC,73.28,2023-24,G.H.S.E.B,COMMERCE,0,active,Not Churn,0,Active
23BCA04259,BPCCS,6,Male,OPEN,Hindu,GANDHINAGAR,18000,HSC,71.86,2023-24,G.H.S.E.B,COMMERCE,0,active,Not Churn,0,Active
23BCA04087,BPCCS,6,Female,SEBC,Hindu,GANDHINAGAR,18000,HSC,74.71,2023-24,G.H.S.E.B,COMMERCE,0,active,Not Churn,0,Active
23BCA04315,BPCCS,6,Male,OPEN,Hindu,GANDHINAGAR,18000,HSC,59.43,2023-24,G.H.S.E.B,COMMERCE,0,active,Not Churn,0,Active
23BCA04015,BPCCS,6,Male,SEBC,Hindu,GANDHINAGAR,18000,HSC,54.26,2023-24,G.H.S.E.B,COMMERCE,0,active,Not Churn,0,Active
23BCA04367,BPCCS,6,Male,SEBC,Hindu,GANDHINAGAR,18000,HSC,57.85,2023-24,G.H.S.E.B,COMMERCE,0,active,Not Churn,0,Active
23BCA04012,BPCCS,6,Male,OPEN,Muslim,MORBI,18000,HSC,82.0,2023-24,G.H.S.E.B,COMMERCE,0,active,Not Churn,0,Active
23BCA04352,BPCCS,6,Female,SCST,Hindu,GANDHINAGAR,18000,HSC,61.06,2023-24,G.H.S.E.B,COMMERCE,0,active,Not Churn,0,Active
23BCA53146,SVICS-G,3,Female,OPEN,Hindu,GANDHINAGAR,27000,HSC,58.71,2023-24,G.H.S.E.B,COMMERCE,0,dropout_mid,Churn,0,Active
23BCA04267,BPCCS,6,Female,OPEN,Hindu,MEHSANA,18000,HSC,61.86,2023-24,G.H.S.E.B,COMMERCE,0,active,Not Churn,0,Active
23BCA04385,BPCCS,6,Female,SEBC,Hindu,GANDHINAGAR,18000,HSC,73.14,2023-24,G.H.S.E.B,COMMERCE,0,active,Not Churn,0,Active
23BCA04304,BPCCS,6,Male,OBC,Hindu,GANDHINAGAR,18000,HSC,56.0,2023-24,G.H.S.E.B,COMMERCE,0,active,Not Churn,0,Active
23BCA04100,BPCCS,6,Male,SEBC,Hindu,SURENDRANAGAR,18000,HSC,60.42,2023-24,G.H.S.E.B,ARTS,0,active,Not Churn,0,Active
23BCA04295,BPCCS,6,Male,OPEN,Hindu,AHMEDABAD,18000,HSC,42.8,2023-24,G.H.S.E.B,COMMERCE,0,active,Not Churn,0,Active
23BCA04423,BPCCS,6,Male,OPEN,Hindu,JUNAGADH,18000,HSC,53.57,2023-24,G.H.S.E.B,COMMERCE,0,active,Not Churn,0,Active
23BCA04378,BPCCS,5,Male,OPEN,Muslim,GANDHINAGAR,18000,HSC,42.93,2023-24,G.H.S.E.B,ARTS,0,active,Not Churn,0,Active
23BCA04433,BPCCS,3,Female,SCST,Hindu,GANDHINAGAR,18000,HSC,40.53,2023-24,G.H.S.E.B,ARTS,0,dropout_mid,Churn,0,Active
23BCA04287,BPCCS,6,Female,SCST,Hindu,BHAVNAGAR,18000,HSC,79.14,2023-24,G.H.S.E.B,ARTS,0,active,Not Churn,0,Active
23BCA04447,BPCCS,6,Male,OPEN,Hindu,AHMEDABAD,18000,HSC,49.85,2022-23,G.H.S.E.B,ARTS,0,active,Not Churn,0,Active
23BCA04510,BPCCS,6,Female,SEBC,Hindu,AHMEDABAD,18000,HSC,69.42,2023-24,G.H.S.E.B,COMMERCE,0,active,Not Churn,0,Active
23BCA04512,BPCCS,6,Female,SEBC,Hindu,AHMEDABAD,18000,HSC,53.57,2023-24,G.H.S.E.B,COMMERCE,0,active,Not Churn,0,Active
23BCA04537,BPCCS,6,Male,OPEN,Hindu,AHMEDABAD,18000,HSC,61.28,2023-24,G.H.S.E.B,COMMERCE,0,active,Not Churn,0,Active
23BCA04215,BPCCS,6,Male,OPEN,Hindu,GANDHINAGAR,18000,HSC,43.2,2023-24,G.H.S.E.B,COMMERCE,0,active,Not Churn,0,Active
23BCA04098,BPCCS,6,Male,SEBC,Hindu,SURENDRANAGAR,18000,HSC,74.86,2023-24,G.H.S.E.B,COMMERCE,0,active,Not Churn,0,Active
23BCA04112,BPCCS,6,Male,OPEN,Hindu,AHMEDABAD,18000,HSC,47.33,2023-24,G.H.S.E.B,COMMERCE,0,active,Not Churn,0,Active
23BCA04131,BPCCS,6,Male,SEBC,Hindu,SURENDRANAGAR,18000,HSC,49.71,2023-24,G.H.S.E.B,COMMERCE,0,active,Not Churn,0,Active
23BCA04034,BPCCS,6,Male,OPEN,Hindu,AHMEDABAD,18000,HSC,39.2,2023-24,G.H.S.E.B,COMMERCE,0,active,Not Churn,0,Active
23BCA04176,BPCCS,6,Female,SEBC,Hindu,AHMEDABAD,18000,HSC,59.33,2023-24,G.H.S.E.B,COMMERCE,0,active,Not Churn,0,Active
23BCA04528,BPCCS,6,Male,OPEN,Hindu,GANDHINAGAR,18000,HSC,73.02,2023-24,G.H.S.E.B,COMMERCE,0,active,Not Churn,0,Active
23BCA04077,BPCCS,6,Female,OPEN,Hindu,GANDHINAGAR,18000,HSC,70.85,2023-24,G.H.S.E.B,COMMERCE,0,active,Not Churn,0,Active
23BCA04262,BPCCS,6,Male,OPEN,Hindu,MAHISAGAR,18000,HSC,74.93,2023-24,G.H.S.E.B,COMMERCE,0,active,Not Churn,0,Active
23BCA04171,BPCCS,6,Male,SEBC,Hindu,AHMEDABAD,18000,HSC,67.73,2023-24,G.H.S.E.B,ARTS,0,active,Not Churn,0,Active
23BCA04408,BPCCS,6,Female,OPEN,Hindu,BANASKANTHA,18000,HSC,63.0,2023-24,G.H.S.E.B,COMMERCE,0,active,Not Churn,0,Active
23BCA04268,BPCCS,6,Male,OPEN,Hindu,AHMEDABAD,18000,HSC,50.8,2023-24,G.H.S.E.B,COMMERCE,0,active,Not Churn,0,Active
23BCA04271,BPCCS,3,Male,OPEN,Hindu,KHEDA,18000,HSC,49.46,2023-24,G.H.S.E.B,COMMERCE,0,active,Not Churn,0,Active
23BCA04310,BPCCS,6,Female,SEBC,Hindu,GANDHINAGAR,18000,HSC,77.14,2023-24,G.H.S.E.B,COMMERCE,0,active,Not Churn,0,Active
23BCA04183,BPCCS,6,Male,OPEN,Hindu,GANDHINAGAR,18000,HSC,64.71,2023-24,G.H.S.E.B,COMMERCE,0,active,Not Churn,0,Active
23BCA04026,BPCCS,6,Male,OPEN,Hindu,AHMEDABAD,18000,HSC,41.42,2023-24,G.H.S.E.B,COMMERCE,0,active,Not Churn,0,Active
23BCA04041,BPCCS,6,Female,SEBC,Hindu,GANDHINAGAR,18000,HSC,74.71,2023-24,G.H.S.E.B,ARTS,0,active,Not Churn,0,Active
23BCA04518,BPCCS,6,Male,OPEN,Hindu,AMRELI,18000,HSC,68.43,2023-24,G.H.S.E.B,COMMERCE,0,active,Not Churn,0,Active
23BCA04358,BPCCS,6,Male,OPEN,Hindu,RAJKOT,18000,HSC,68.71,2023-24,G.H.S.E.B,COMMERCE,0,active,Not Churn,0,Active
23BCA04485,BPCCS,6,Female,SEBC,Hindu,GANDHINAGAR,18000,HSC,52.22,2023-24,G.H.S.E.B,COMMERCE,0,active,Not Churn,0,Active
23BCA04076,BPCCS,6,Female,SEBC,Hindu,GANDHINAGAR,18000,HSC,44.14,2023-24,G.H.S.E.B,COMMERCE,0,active,Not Churn,0,Active
23BCA04043,BPCCS,6,Male,SEBC,Hindu,BANASKANTHA,18000,HSC,60.93,2023-24,G.H.S.E.B,COMMERCE,0,active,Not Churn,0,Active
23BCA04407,BPCCS,6,Male,OPEN,Hindu,JUNAGADH,18000,HSC,52.26,2023-24,G.H.S.E.B,COMMERCE,0,active,Not Churn,0,Active
23BCA04197,BPCCS,2,Male,OPEN,Hindu,GANDHINAGAR,18000,HSC,72.0,2023-24,G.H.S.E.B,COMMERCE,0,dropout_mid,Churn,0,Active
23BCA04320,BPCCS,6,Female,SEBC,Hindu,ARVALLI,18000,HSC,81.0,2022-23,G.H.S.E.B,COMMERCE,0,active,Not Churn,0,Active
23BCA04309,BPCCS,6,Female,SEBC,Hindu,AHMEDABAD,18000,HSC,52.0,2023-24,G.H.S.E.B,COMMERCE,0,active,Not Churn,0,Active
23BCA04466,BPCCS,6,Male,OBC,Hindu,AHMEDABAD,18000,HSC,66.14,2023-24,G.H.S.E.B,COMMERCE,0,active,Not Churn,0,Active
23BCA04296,BPCCS,3,Female,OPEN,Muslim,GANDHINAGAR,18000,HSC,87.57,2023-24,G.H.S.E.B,COMMERCE,0,dropout_mid,Churn,0,Active
23BCA04161,BPCCS,6,Female,OPEN,Hindu,KUTCH,18000,HSC,63.28,2023-24,G.H.S.E.B,COMMERCE,0,active,Not Churn,0,Active
23BCA04069,BPCCS,6,Male,OBC,Hindu,GANDHINAGAR,18000,HSC,42.0,2023-24,G.H.S.E.B,COMMERCE,0,active,Not Churn,0,Active
23BCA04435,BPCCS,6,Female,OBC,Hindu,AHMEDABAD,18000,HSC,50.0,2023-24,G.H.S.E.B,COMMERCE,0,active,Not Churn,0,Active
23BCA04288,BPCCS,6,Female,OPEN,Hindu,ARVALLI,18000,HSC,69.71,2023-24,G.H.S.E.B,COMMERCE,0,active,Not Churn,0,Active
23BCA04368,BPCCS,6,Female,OPEN,Hindu,AHMEDABAD,18000,HSC,44.28,2023-24,G.H.S.E.B,COMMERCE,0,active,Not Churn,0,Active
23BCA04457,BPCCS,5,Male,SEBC,Hindu,AHMEDABAD,18000,HSC,43.57,2023-24,G.H.S.E.B,COMMERCE,0,active,Not Churn,0,Active
23BCA04452,BPCCS,2,Male,OPEN,Hindu,SURENDRANAGAR,18000,HSC,47.14,2023-24,G.H.S.E.B,COMMERCE,0,active,Not Churn,0,Active
23BCA04359,BPCCS,6,Female,SEBC,Hindu,GANDHINAGAR,18000,HSC,59.0,2023-24,G.H.S.E.B,COMMERCE,0,active,Not Churn,0,Active
23BCA04548,BPCCS,6,Male,OPEN,Hindu,BOTAD,18000,HSC,50.85,2023-24,G.H.S.E.B,COMMERCE,0,active,Not Churn,0,Active
23BCA04058,BPCCS,6,Male,SCST,Hindu,GANDHINAGAR,18000,HSC,61.02,2023-24,G.H.S.E.B,COMMERCE,0,active,Not Churn,0,Active
23BCA53039,SVICS-G,3,Male,OPEN,Hindu,SURENDRANAGAR,27000,HSC,71.57,2023-24,G.H.S.E.B,COMMERCE,0,dropout_mid,Churn,0,Active
23BCA04275,BPCCS,6,Male,SEBC,Hindu,ARVALLI,18000,HSC,72.4,2023-24,G.H.S.E.B,COMMERCE,0,active,Not Churn,0,Active
23BCA53153,SVICS-G,3,Female,SCST,Hindu,GANDHINAGAR,27000,HSC,64.14,2023-24,G.H.S.E.B,ARTS,0,dropout_mid,Churn,0,Active
23BCA53162,SVICS-G,3,Male,SEBC,Hindu,AHMEDABAD,27000,HSC,69.33,2023-24,G.H.S.E.B,COMMERCE,0,dropout_mid,Churn,0,Active
23BCA53148,SVICS-G,3,Male,OBC,Muslim,SURENDRANAGAR,27000,HSC,49.69,2023-24,G.H.S.E.B,SCIENCE,0,dropout_mid,Churn,0,Active
23BCA04002,BPCCS,6,Male,SCST,Hindu,GANDHINAGAR,18000,HSC,78.0,2023-24,G.H.S.E.B,SCIENCE,0,active,Not Churn,0,Active
23BCA04521,BPCCS,6,Male,OBC,Muslim,GANDHINAGAR,18000,HSC,56.08,2023-24,G.H.S.E.B,COMMERCE,0,active,Not Churn,0,Active
23BCA04413,BPCCS,6,Male,SEBC,Hindu,AHMEDABAD,18000,HSC,64.53,2023-24,G.H.S.E.B,COMMERCE,0,active,Not Churn,0,Active
23BCA04400,BPCCS,6,Female,OPEN,Hindu,AHMEDABAD,18000,HSC,49.71,2023-24,G.H.S.E.B,COMMERCE,0,active,Not Churn,0,Active
23BCA04105,BPCCS,6,Male,OPEN,Hindu,GANDHINAGAR,18000,HSC,44.0,2021-22,G.H.S.E.B,COMMERCE,0,active,Not Churn,0,Active
23BCA04096,BPCCS,6,Female,SEBC,Hindu,BOTAD,18000,HSC,60.29,2023-24,G.H.S.E.B,COMMERCE,0,active,Not Churn,0,Active
23BCA04135,BPCCS,6,Male,OPEN,Muslim,BHAVNAGAR,18000,HSC,73.02,2023-24,G.H.S.E.B,COMMERCE,0,active,Not Churn,0,Active
23BCA04475,BPCCS,6,Male,OPEN,Muslim,BHAVNAGAR,18000,HSC,60.43,2023-24,G.H.S.E.B,COMMERCE,0,active,Not Churn,0,Active
23BCA04193,BPCCS,6,Male,SCST,Hindu,GANDHINAGAR,18000,HSC,74.28,2023-24,G.H.S.E.B,COMMERCE,0,active,Not Churn,0,Active
23BCA04206,BPCCS,6,Male,OPEN,Hindu,GANDHINAGAR,18000,HSC,51.0,2023-24,G.H.S.E.B,COMMERCE,0,active,Not Churn,0,Active
23BCA04372,BPCCS,6,Female,OPEN,Hindu,GANDHINAGAR,18000,HSC,69.71,2023-24,G.H.S.E.B,COMMERCE,0,active,Not Churn,0,Active
23BCA04051,BPCCS,6,Male,OBC,Hindu,GANDHINAGAR,18000,HSC,69.57,2023-24,G.H.S.E.B,COMMERCE,0,active,Not Churn,0,Active
23BCA04017,BPCCS,6,Male,OBC,Hindu,GANDHINAGAR,18000,HSC,57.71,2023-24,G.H.S.E.B,COMMERCE,0,active,Not Churn,0,Active
23BCA04361,BPCCS,6,Male,SCST,Hindu,GANDHINAGAR,18000,HSC,76.67,2023-24,G.H.S.E.B,COMMERCE,0,active,Not Churn,0,Active
23BCA04535,BPCCS,6,Female,SEBC,Hindu,GANDHINAGAR,18000,HSC,67.42,2023-24,G.H.S.E.B,COMMERCE,0,active,Not Churn,0,Active
23BCA04274,BPCCS,4,Female,OPEN,Hindu,GANDHINAGAR,18000,HSC,41.85,2023-24,G.H.S.E.B,COMMERCE,0,active,Not Churn,0,Active
23BCA04538,BPCCS,6,Male,OPEN,Hindu,MORBI,18000,HSC,69.71,2023-24,G.H.S.E.B,COMMERCE,0,active,Not Churn,0,Active
23BCA04238,BPCCS,6,Female,OPEN,Hindu,AHMEDABAD,18000,HSC,52.42,2023-24,G.H.S.E.B,COMMERCE,0,active,Not Churn,0,Active
23BCA04029,BPCCS,6,Female,OPEN,Hindu,AHMEDABAD,18000,HSC,64.0,2023-24,G.H.S.E.B,COMMERCE,0,active,Not Churn,0,Active
23BCA04416,BPCCS,6,Male,OPEN,Hindu,GANDHINAGAR,18000,HSC,51.14,2023-24,G.H.S.E.B,COMMERCE,0,active,Not Churn,0,Active
23BCA04063,BPCCS,6,Male,SEBC,Hindu,GANDHINAGAR,18000,HSC,73.86,2023-24,G.H.S.E.B,COMMERCE,0,active,Not Churn,0,Active
23BCA04451,BPCCS,6,Male,OPEN,Muslim,GANDHINAGAR,18000,HSC,54.09,2023-24,G.H.S.E.B,ARTS,0,active,Not Churn,0,Active
23BCA04192,BPCCS,6,Male,OPEN,Hindu,SURENDRANAGAR,18000,HSC,52.14,2023-24,G.H.S.E.B,COMMERCE,0,active,Not Churn,0,Active
23BCA04437,BPCCS,6,Male,SCST,Hindu,GANDHINAGAR,18000,HSC,40.71,2023-24,G.H.S.E.B,COMMERCE,0,active,Not Churn,0,Active
23BCA04335,BPCCS,6,Male,OBC,Hindu,GANDHINAGAR,18000,HSC,56.42,2020-21,G.H.S.E.B,COMMERCE,0,active,Not Churn,0,Active
23BCA04277,BPCCS,6,Male,OPEN,Hindu,GANDHINAGAR,18000,HSC,55.57,2023-24,G.H.S.E.B,COMMERCE,0,active,Not Churn,0,Active
23BCA04032,BPCCS,6,Female,OPEN,Hindu,GANDHINAGAR,18000,HSC,72.0,2023-24,G.H.S.E.B,COMMERCE,0,active,Not Churn,0,Active
23BCA04249,BPCCS,6,Male,OPEN,Hindu,GANDHINAGAR,18000,HSC,41.0,2023-24,G.H.S.E.B,COMMERCE,0,active,Not Churn,0,Active
23BCA04147,BPCCS,6,Female,OBC,Muslim,GANDHINAGAR,18000,HSC,63.0,2023-24,G.H.S.E.B,COMMERCE,0,active,Not Churn,0,Active
23BCA04500,BPCCS,6,Female,OPEN,Hindu,GANDHINAGAR,18000,HSC,69.28,2023-24,G.H.S.E.B,COMMERCE,0,active,Not Churn,0,Active
23BCA53092,SVICS-G,3,Male,SEBC,Hindu,ARVALLI,27000,HSC,79.06,2023-24,G.H.S.E.B,COMMERCE,0,dropout_mid,Churn,0,Active
23BCA04302,BPCCS,6,Female,OPEN,Hindu,AMRELI,18000,HSC,76.14,2023-24,G.H.S.E.B,COMMERCE,0,active,Not Churn,0,Active
23BCA04182,BPCCS,6,Male,SCST,Hindu,GANDHINAGAR,18000,HSC,60.0,2023-24,G.H.S.E.B,COMMERCE,0,active,Not Churn,0,Active
23BCA04227,BPCCS,6,Male,OPEN,Hindu,GANDHINAGAR,18000,HSC,63.6,2022-23,CBSE,COMMERCE,0,active,Not Churn,0,Active
23BCA04025,BPCCS,5,Male,SEBC,Hindu,MORBI,18000,HSC,55.71,2023-24,G.H.S.E.B,COMMERCE,0,active,Not Churn,0,Active
23BCA04330,BPCCS,6,Male,SEBC,Hindu,GANDHINAGAR,18000,HSC,57.46,2022-23,G.H.S.E.B,COMMERCE,0,active,Not Churn,0,Active
23BCA04243,BPCCS,6,Male,OPEN,Hindu,MEHSANA,18000,HSC,86.28,2023-24,G.H.S.E.B,COMMERCE,0,active,Not Churn,0,Active
23BCA04459,BPCCS,6,Male,OPEN,Hindu,GANDHINAGAR,18000,HSC,47.29,2023-24,G.H.S.E.B,COMMERCE,0,active,Not Churn,0,Active
23BCA04194,BPCCS,6,Female,SEBC,Hindu,AHMEDABAD,18000,HSC,52.86,2023-24,G.H.S.E.B,COMMERCE,0,active,Not Churn,0,Active
23BCA04049,BPCCS,6,Male,OPEN,Hindu,GANDHINAGAR,18000,HSC,49.0,2023-24,G.H.S.E.B,COMMERCE,0,active,Not Churn,0,Active
23BCA04527,BPCCS,6,Male,OPEN,Hindu,AHMEDABAD,18000,HSC,49.0,2020-21,G.H.S.E.B,SCIENCE,0,active,Not Churn,0,Active
23BCA04517,BPCCS,2,Male,OPEN,Hindu,GANDHINAGAR,18000,HSC,48.71,2023-24,G.H.S.E.B,COMMERCE,0,dropout_mid,Churn,0,Active
23BCA04333,BPCCS,6,Male,OPEN,Hindu,MEHSANA,18000,HSC,69.42,2023-24,G.H.S.E.B,COMMERCE,0,active,Not Churn,0,Active
23BCA53052,SVICS-G,3,Female,OPEN,Hindu,GANDHINAGAR,27000,HSC,58.57,2022-23,G.H.S.E.B,SCIENCE,0,dropout_mid,Churn,0,Active
23BCA04363,BPCCS,6,Male,OPEN,Hindu,AHMEDABAD,18000,HSC,55.33,2023-24,G.H.S.E.B,COMMERCE,0,active,Not Churn,0,Active
23BCA04159,BPCCS,6,Female,OPEN,Hindu,SURENDRANAGAR,18000,HSC,67.28,2023-24,G.H.S.E.B,ARTS,0,active,Not Churn,0,Active
23BCA04391,BPCCS,6,Male,OPEN,Hindu,GANDHINAGAR,18000,HSC,41.28,2023-24,G.H.S.E.B,COMMERCE,0,active,Not Churn,0,Active
23BCA04494,BPCCS,6,Male,OPEN,Hindu,GANDHINAGAR,18000,HSC,67.28,2023-24,G.H.S.E.B,COMMERCE,0,active,Not Churn,0,Active
23BCA04411,BPCCS,6,Male,SEBC,Hindu,GANDHINAGAR,18000,HSC,53.14,2023-24,G.H.S.E.B,COMMERCE,0,active,Not Churn,0,Active
23BCA04057,BPCCS,6,Male,OPEN,Hindu,GANDHINAGAR,18000,HSC,75.14,2023-24,G.H.S.E.B,COMMERCE,0,active,Not Churn,0,Active
23BCA04331,BPCCS,6,Male,SEBC,Hindu,AHMEDABAD,18000,HSC,54.71,2023-24,G.H.S.E.B,COMMERCE,0,active,Not Churn,0,Active
23BCA04436,BPCCS,6,Female,OBC,Hindu,GANDHINAGAR,18000,HSC,52.08,2023-24,G.H.S.E.B,COMMERCE,0,active,Not Churn,0,Active
23BCA04327,BPCCS,6,Male,OPEN,Hindu,AHMEDABAD,18000,HSC,45.73,2023-24,G.H.S.E.B,COMMERCE,0,active,Not Churn,0,Active
23BCA04226,BPCCS,6,Male,OPEN,Hindu,MEHSANA,18000,HSC,71.0,2023-24,G.H.S.E.B,COMMERCE,0,active,Not Churn,0,Active
23BCA53074,SVICS-G,3,Female,SEBC,Hindu,AHMEDABAD,27000,HSC,72.14,2023-24,G.H.S.E.B,COMMERCE,0,dropout_mid,Churn,0,Active
23BCA53027,SVICS-G,3,Male,OPEN,Hindu,GANDHINAGAR,27000,HSC,62.86,2023-24,G.H.S.E.B,COMMERCE,0,dropout_mid,Churn,0,Active
23BCA04410,BPCCS,6,Male,OBC,Hindu,GANDHINAGAR,18000,HSC,81.57,2023-24,G.H.S.E.B,COMMERCE,0,active,Not Churn,0,Active
23BCA04282,BPCCS,6,Male,OPEN,Hindu,AHMEDABAD,18000,HSC,56.0,2023-24,G.H.S.E.B,COMMERCE,0,active,Not Churn,0,Active
23BCA04354,BPCCS,6,Male,OPEN,Hindu,GANDHINAGAR,18000,HSC,59.73,2023-24,G.H.S.E.B,COMMERCE,0,active,Not Churn,0,Active
23BCA04142,BPCCS,6,Male,SCST,Hindu,AHMEDABAD,18000,HSC,54.13,2023-24,G.H.S.E.B,COMMERCE,0,active,Not Churn,0,Active
23BCA04134,BPCCS,6,Male,OPEN,Hindu,SURAT,18000,HSC,45.14,2023-24,G.H.S.E.B,COMMERCE,0,active,Not Churn,0,Active
23BCA04442,BPCCS,2,Male,OPEN,Hindu,MORBI,18000,HSC,65.57,2023-24,G.H.S.E.B,COMMERCE,0,active,Not Churn,0,Active
23BCA53175,SVICS-G,3,Male,SEBC,Muslim,GANDHINAGAR,27000,HSC,47.26,2023-24,G.H.S.E.B,COMMERCE,0,dropout_mid,Churn,0,Active
23BCA04399,BPCCS,6,Male,OPEN,Hindu,GANDHINAGAR,18000,HSC,44.57,2023-24,G.H.S.E.B,COMMERCE,0,active,Not Churn,0,Active
23BCA04027,BPCCS,4,Male,OPEN,Hindu,GANDHINAGAR,18000,HSC,56.57,2023-24,G.H.S.E.B,ARTS,0,active,Not Churn,0,Active
23BCA04324,BPCCS,3,Male,SEBC,Hindu,GANDHINAGAR,18000,HSC,54.4,2023-24,G.H.S.E.B,COMMERCE,0,active,Not Churn,0,Active
23BCA04375,BPCCS,6,Female,OPEN,Hindu,GANDHINAGAR,18000,HSC,71.57,2023-24,G.H.S.E.B,COMMERCE,0,active,Not Churn,0,Active
23BCA04062,BPCCS,6,Female,SCST,Hindu,GANDHINAGAR,18000,HSC,66.26,2023-24,G.H.S.E.B,COMMERCE,0,active,Not Churn,0,Active
23BCA04344,BPCCS,6,Male,OPEN,Hindu,GANDHINAGAR,18000,HSC,76.14,2023-24,G.H.S.E.B,COMMERCE,0,active,Not Churn,0,Active
23BCA53036,SVICS-G,3,Male,SEBC,Hindu,AHMEDABAD,27000,HSC,64.28,2023-24,G.H.S.E.B,COMMERCE,0,dropout_mid,Churn,0,Active
23BCA04242,BPCCS,3,Female,OPEN,Hindu,AHMEDABAD,18000,HSC,59.42,2023-24,G.H.S.E.B,COMMERCE,0,dropout_mid,Churn,0,Active
23BCA04211,BPCCS,6,Male,OBC,Hindu,ARVALLI,18000,HSC,45.57,2023-24,G.H.S.E.B,ARTS,0,active,Not Churn,0,Active
23BCA04247,BPCCS,6,Male,OPEN,Hindu,PATAN,18000,HSC,52.0,2023-24,G.H.S.E.B,ARTS,0,active,Not Churn,0,Active
23BCA04088,BPCCS,6,Female,SCST,Hindu,GANDHINAGAR,18000,HSC,73.0,2022-23,G.H.S.E.B,COMMERCE,0,active,Not Churn,0,Active
23BCA04508,BPCCS,3,Male,OPEN,Hindu,GANDHINAGAR,18000,HSC,48.42,2023-24,G.H.S.E.B,COMMERCE,0,dropout_mid,Churn,0,Active
23BCA04448,BPCCS,6,Female,SCST,Hindu,AHMEDABAD,18000,HSC,71.0,2023-24,G.H.S.E.B,COMMERCE,0,active,Not Churn,0,Active
23BCA04345,BPCCS,6,Male,SCST,Hindu,GANDHINAGAR,18000,HSC,58.86,2023-24,G.H.S.E.B,COMMERCE,0,active,Not Churn,0,Active
23BCA04241,BPCCS,6,Male,OPEN,Hindu,GANDHINAGAR,18000,HSC,46.42,2023-24,G.H.S.E.B,COMMERCE,0,active,Not Churn,0,Active
23BCA04351,BPCCS,6,Male,SCST,Hindu,GANDHINAGAR,18000,SSC,49.33,2021-22,GSEB,COMMERCE,0,active,Not Churn,0,Active
23BCA04516,BPCCS,6,Female,SEBC,Hindu,GANDHINAGAR,18000,HSC,83.42,2023-24,G.H.S.E.B,COMMERCE,0,active,Not Churn,0,Active
23BCA04082,BPCCS,6,Female,SCST,Hindu,GANDHINAGAR,18000,HSC,70.0,2023-24,G.H.S.E.B,COMMERCE,0,active,Not Churn,0,Active
23BCA04146,BPCCS,6,Male,OPEN,Muslim,GANDHINAGAR,18000,HSC,54.28,2023-24,G.H.S.E.B,COMMERCE,0,active,Not Churn,0,Active
23BCA04337,BPCCS,6,Male,SCST,Hindu,GANDHINAGAR,18000,HSC,58.04,2023-24,G.H.S.E.B,COMMERCE,0,active,Not Churn,0,Active
23BCA04235,BPCCS,6,Female,OPEN,Hindu,GANDHINAGAR,18000,HSC,61.86,2023-24,G.H.S.E.B,COMMERCE,0,active,Not Churn,0,Active
23BCA04094,BPCCS,6,Male,OPEN,Hindu,AHMEDABAD,18000,HSC,68.53,2023-24,G.H.S.E.B,COMMERCE,0,active,Not Churn,0,Active
23BCA04180,BPCCS,6,Male,OPEN,Hindu,AHMEDABAD,18000,HSC,68.42,2023-24,G.H.S.E.B,COMMERCE,0,active,Not Churn,0,Active
23BCA04046,BPCCS,6,Male,OBC,Hindu,GANDHINAGAR,18000,HSC,69.98,2023-24,G.H.S.E.B,COMMERCE,0,active,Not Churn,0,Active
23BCA04113,BPCCS,3,Male,OPEN,Hindu,GANDHINAGAR,18000,HSC,52.42,2023-24,G.H.S.E.B,COMMERCE,0,dropout_mid,Churn,0,Active
23BCA04532,BPCCS,6,Female,OPEN,Hindu,GANDHINAGAR,18000,HSC,46.0,2023-24,G.H.S.E.B,COMMERCE,0,active,Not Churn,0,Active
23BCA04072,BPCCS,6,Male,SCST,Hindu,AHMEDABAD,18000,HSC,66.29,2023-24,G.H.S.E.B,COMMERCE,0,active,Not Churn,0,Active
23BCA04073,BPCCS,6,Male,SCST,Hindu,AHMEDABAD,18000,HSC,54.29,2023-24,G.H.S.E.B,COMMERCE,0,active,Not Churn,0,Active
23BCA04152,BPCCS,6,Female,OPEN,Muslim,MORBI,18000,HSC,61.0,2023-24,G.H.S.E.B,COMMERCE,0,active,Not Churn,0,Active
23BCA04155,BPCCS,6,Female,OPEN,Muslim,MORBI,18000,HSC,61.57,2023-24,G.H.S.E.B,COMMERCE,0,active,Not Churn,0,Active
23BCA04150,BPCCS,6,Female,OPEN,Muslim,MORBI,18000,HSC,67.14,2023-24,G.H.S.E.B,COMMERCE,0,active,Not Churn,0,Active
23BCA04549,BPCCS,6,Male,OPEN,Hindu,SURENDRANAGAR,18000,HSC,73.28,2022-23,G.H.S.E.B,COMMERCE,0,active,Not Churn,0,Active
23BCA04106,BPCCS,4,Male,OPEN,Hindu,AHMEDABAD,18000,HSC,42.14,2023-24,G.H.S.E.B,COMMERCE,0,active,Not Churn,0,Active
23BCA04489,BPCCS,6,Female,OPEN,Hindu,GANDHINAGAR,18000,HSC,72.0,2023-24,G.H.S.E.B,COMMERCE,0,active,Not Churn,0,Active
23BCA04322,BPCCS,6,Male,SEBC,Hindu,AHMEDABAD,18000,HSC,46.0,2023-24,G.H.S.E.B,COMMERCE,0,active,Not Churn,0,Active
23BCA04357,BPCCS,5,Male,SCST,Hindu,GANDHINAGAR,18000,HSC,47.57,2023-24,G.H.S.E.B,COMMERCE,0,active,Not Churn,0,Active
23BCA04458,BPCCS,6,Male,SCST,Hindu,GANDHINAGAR,18000,HSC,76.0,2023-24,G.H.S.E.B,COMMERCE,0,active,Not Churn,0,Active
23BCA04461,BPCCS,6,Male,OBC,Hindu,KUTCH,18000,HSC,53.0,2023-24,G.H.S.E.B,ARTS,0,active,Not Churn,0,Active
23BCA04501,BPCCS,6,Female,OPEN,Hindu,KHEDA,18000,HSC,85.47,2023-24,G.H.S.E.B,COMMERCE,0,active,Not Churn,0,Active
23BCA04515,BPCCS,6,Male,SEBC,Hindu,MEHSANA,18000,HSC,49.71,2023-24,G.H.S.E.B,COMMERCE,0,active,Not Churn,0,Active
23BCA04481,BPCCS,6,Male,OPEN,Hindu,SURENDRANAGAR,18000,HSC,71.0,2023-24,G.H.S.E.B,COMMERCE,0,active,Not Churn,0,Active
23BCA53012,SVICS-G,3,Male,OPEN,Hindu,GANDHINAGAR,27000,HSC,75.14,2023-24,G.H.S.E.B,COMMERCE,0,dropout_mid,Churn,0,Active
23BCA04403,BPCCS,3,Female,SEBC,Hindu,AHMEDABAD,18000,HSC,54.0,2023-24,G.H.S.E.B,COMMERCE,0,dropout_mid,Churn,0,Active
23BCA04165,BPCCS,5,Male,OBC,Hindu,GANDHINAGAR,18000,HSC,52.53,2023-24,G.H.S.E.B,COMMERCE,0,active,Not Churn,0,Active
23BCA04067,BPCCS,5,Male,OPEN,Hindu,AHMEDABAD,18000,HSC,48.26,2023-24,G.H.S.E.B,COMMERCE,0,active,Not Churn,0,Active
23BCA04342,BPCCS,6,Female,SCST,Hindu,GANDHINAGAR,18000,HSC,81.71,2023-24,G.H.S.E.B,COMMERCE,0,active,Not Churn,0,Active
23BCA04482,BPCCS,6,Male,SEBC,Hindu,RAJKOT,18000,HSC,58.57,2023-24,G.H.S.E.B,COMMERCE,0,active,Not Churn,0,Active
23BCA04291,BPCCS,6,Male,OPEN,Hindu,GANDHINAGAR,18000,HSC,58.0,2023-24,G.H.S.E.B,COMMERCE,0,active,Not Churn,0,Active
23BCA04074,BPCCS,6,Female,SEBC,Hindu,AHMEDABAD,18000,HSC,71.85,2023-24,G.H.S.E.B,ARTS,0,active,Not Churn,0,Active
23BCA04348,BPCCS,5,Male,OPEN,Hindu,GANDHINAGAR,18000,HSC,33.85,2023-24,G.H.S.E.B,COMMERCE,0,active,Not Churn,0,Active
23BCA04117,BPCCS,6,Male,OPEN,Hindu,BOTAD,18000,HSC,56.4,2023-24,G.H.S.E.B,COMMERCE,0,active,Not Churn,0,Active
23BCA04441,BPCCS,6,Male,OPEN,Hindu,BOTAD,18000,HSC,53.46,2023-24,G.H.S.E.B,COMMERCE,0,active,Not Churn,0,Active
23BCA04404,BPCCS,6,Female,SEBC,Hindu,KUTCH,18000,HSC,79.57,2023-24,G.H.S.E.B,COMMERCE,0,active,Not Churn,0,Active
23BCA04050,BPCCS,6,Female,SEBC,Hindu,KUTCH,18000,HSC,76.71,2023-24,G.H.S.E.B,COMMERCE,0,active,Not Churn,0,Active
23BCA04033,BPCCS,6,Male,OPEN,Hindu,GANDHINAGAR,18000,HSC,83.85,2023-24,G.H.S.E.B,COMMERCE,0,active,Not Churn,0,Active
23BCA04108,BPCCS,6,Female,OPEN,Hindu,GANDHINAGAR,18000,HSC,53.85,2023-24,G.H.S.E.B,COMMERCE,0,active,Not Churn,0,Active
23BCA04071,BPCCS,6,Female,OPEN,Hindu,GANDHINAGAR,18000,HSC,57.57,2023-24,G.H.S.E.B,COMMERCE,0,active,Not Churn,0,Active
23BCA04140,BPCCS,6,Male,SCST,Hindu,GANDHINAGAR,18000,HSC,71.2,2023-24,CBSE,ARTS,0,active,Not Churn,0,Active
23BCA04303,BPCCS,3,Male,OPEN,Hindu,RAJKOT,18000,HSC,79.57,2023-24,G.H.S.E.B,COMMERCE,0,dropout_mid,Churn,0,Active
23BCA04531,BPCCS,2,Male,OPEN,Hindu,AHMEDABAD,18000,HSC,47.71,2023-24,G.H.S.E.B,COMMERCE,0,active,Not Churn,0,Active
23BCA04020,BPCCS,6,Female,SEBC,Hindu,GANDHINAGAR,18000,HSC,68.0,2023-24,G.H.S.E.B,COMMERCE,0,active,Not Churn,0,Active
23BCA04138,BPCCS,6,Female,OPEN,Hindu,AHMEDABAD,18000,HSC,70.43,2023-24,G.H.S.E.B,COMMERCE,0,active,Not Churn,0,Active
23BCA04431,BPCCS,6,Male,SCST,Hindu,GANDHINAGAR,18000,HSC,53.71,2023-24,G.H.S.E.B,COMMERCE,0,active,Not Churn,0,Active
23BCA04332,BPCCS,6,Male,OPEN,Hindu,GANDHINAGAR,18000,HSC,63.71,2023-24,G.H.S.E.B,COMMERCE,0,active,Not Churn,0,Active
23BCA53142,SVICS-G,3,Female,OBC,Hindu,GANDHINAGAR,27000,HSC,56.4,2023-24,G.H.S.E.B,COMMERCE,0,dropout_mid,Churn,0,Active
23BCA04163,BPCCS,3,Male,SEBC,Muslim,ARVALLI,18000,HSC,70.0,2023-24,G.H.S.E.B,COMMERCE,0,dropout_mid,Churn,0,Active
23BCA04493,BPCCS,6,Female,OPEN,Hindu,PATAN,18000,HSC,77.85,2023-24,G.H.S.E.B,COMMERCE,0,active,Not Churn,0,Active
23BCA04496,BPCCS,6,Male,OPEN,Hindu,ARVALLI,18000,HSC,68.0,2023-24,G.H.S.E.B,COMMERCE,0,active,Not Churn,0,Active
23BCA04084,BPCCS,6,Male,SEBC,Hindu,GANDHINAGAR,18000,HSC,64.0,2023-24,G.H.S.E.B,COMMERCE,0,active,Not Churn,0,Active
23BCA04213,BPCCS,6,Male,OPEN,Hindu,ARVALLI,18000,HSC,78.85,2023-24,G.H.S.E.B,COMMERCE,0,active,Not Churn,0,Active
23BCA53197,SVICS-G,3,Male,SEBC,Hindu,GANDHINAGAR,27000,HSC,49.71,2023-24,G.H.S.E.B,COMMERCE,0,dropout_mid,Churn,0,Active
23BCA04120,BPCCS,3,Female,SEBC,Hindu,AMRELI,18000,HSC,83.07,2023-24,G.H.S.E.B,COMMERCE,0,dropout_mid,Churn,0,Active
23BCA04081,BPCCS,6,Female,SCST,Hindu,GANDHINAGAR,18000,HSC,48.28,2023-24,G.H.S.E.B,ARTS,0,active,Not Churn,0,Active
23BCA04107,BPCCS,6,Male,OPEN,Hindu,AHMEDABAD,18000,HSC,77.85,2023-24,G.H.S.E.B,COMMERCE,0,active,Not Churn,0,Active
23BCA04151,BPCCS,6,Male,SEBC,Hindu,GANDHINAGAR,18000,HSC,58.0,2023-24,G.H.S.E.B,COMMERCE,0,active,Not Churn,0,Active
23BCA04233,BPCCS,6,Male,OPEN,Hindu,GANDHINAGAR,18000,HSC,58.0,2023-24,G.H.S.E.B,COMMERCE,0,active,Not Churn,0,Active
23BCA04231,BPCCS,6,Female,OPEN,Hindu,GANDHINAGAR,18000,HSC,63.43,2023-24,G.H.S.E.B,COMMERCE,0,active,Not Churn,0,Active
23BCA04463,BPCCS,6,Male,SCST,Hindu,GANDHINAGAR,18000,HSC,71.43,2023-24,G.H.S.E.B,COMMERCE,0,active,Not Churn,0,Active
23BCA04278,BPCCS,6,Female,OPEN,Hindu,GANDHINAGAR,18000,HSC,80.43,2023-24,G.H.S.E.B,COMMERCE,0,active,Not Churn,0,Active
23BCA04376,BPCCS,6,Male,OPEN,Jain,GANDHINAGAR,18000,HSC,60.28,2023-24,G.H.S.E.B,SCIENCE,0,active,Not Churn,0,Active
23BCA04364,BPCCS,6,Male,OPEN,Muslim,GANDHINAGAR,18000,HSC,51.0,2023-24,G.H.S.E.B,COMMERCE,0,active,Not Churn,0,Active
23BCA04370,BPCCS,6,Female,OPEN,Hindu,GANDHINAGAR,18000,HSC,63.87,2023-24,G.H.S.E.B,COMMERCE,0,active,Not Churn,0,Active
23BCA04244,BPCCS,6,Male,OPEN,Hindu,ARVALLI,18000,HSC,69.42,2023-24,G.H.S.E.B,COMMERCE,0,active,Not Churn,0,Active
23BCA04495,BPCCS,6,Male,OPEN,Hindu,GANDHINAGAR,18000,HSC,46.0,2023-24,G.H.S.E.B,COMMERCE,0,active,Not Churn,0,Active
23BCA04541,BPCCS,6,Female,OPEN,Hindu,GANDHINAGAR,18000,HSC,71.28,2023-24,G.H.S.E.B,COMMERCE,0,active,Not Churn,0,Active
23BCA04285,BPCCS,6,Male,OPEN,Hindu,GANDHINAGAR,18000,HSC,77.6,2023-24,G.H.S.E.B,COMMERCE,0,active,Not Churn,0,Active
23BCA04239,BPCCS,6,Male,OPEN,Hindu,GANDHINAGAR,18000,HSC,72.71,2023-24,G.H.S.E.B,COMMERCE,0,active,Not Churn,0,Active
23BCA04228,BPCCS,6,Male,OPEN,Hindu,GANDHINAGAR,18000,HSC,60.71,2023-24,G.H.S.E.B,COMMERCE,0,active,Not Churn,0,Active
23BCA04129,BPCCS,6,Male,SEBC,Hindu,BOTAD,18000,HSC,63.0,2023-24,G.H.S.E.B,COMMERCE,0,active,Not Churn,0,Active
23BCA04306,BPCCS,6,Male,SEBC,Hindu,GANDHINAGAR,18000,HSC,65.43,2023-24,G.H.S.E.B,COMMERCE,0,active,Not Churn,0,Active
23BCA04533,BPCCS,2,Male,OBC,Hindu,GANDHINAGAR,18000,HSC,55.0,2023-24,G.H.S.E.B,ARTS,0,active,Not Churn,0,Active
23BCA04412,BPCCS,6,Male,SEBC,Hindu,GANDHINAGAR,18000,HSC,55.85,2023-24,G.H.S.E.B,COMMERCE,0,active,Not Churn,0,Active
23BCA04347,BPCCS,6,Male,OPEN,Hindu,SABARKANTHA,18000,HSC,55.54,2023-24,G.H.S.E.B,COMMERCE,0,active,Not Churn,0,Active
23BCA04455,BPCCS,6,Male,OPEN,Hindu,GANDHINAGAR,18000,HSC,50.93,2023-24,G.H.S.E.B,COMMERCE,0,active,Not Churn,0,Active
23BCA04294,BPCCS,6,Female,OPEN,Hindu,GANDHINAGAR,18000,HSC,81.14,2023-24,G.H.S.E.B,COMMERCE,0,active,Not Churn,0,Active
23BCA04191,BPCCS,6,Male,SCST,Hindu,SABARKANTHA,18000,HSC,52.0,2022-23,G.H.S.E.B,ARTS,0,active,Not Churn,0,Active
23BCA04406,BPCCS,6,Male,SEBC,Hindu,SABARKANTHA,18000,HSC,52.0,2023-24,G.H.S.E.B,ARTS,0,active,Not Churn,0,Active
23BCA04543,BPCCS,6,Female,OPEN,Hindu,GANDHINAGAR,18000,HSC,60.71,2023-24,G.H.S.E.B,COMMERCE,0,active,Not Churn,0,Active
23BCA04398,BPCCS,6,Female,OPEN,Hindu,GANDHINAGAR,18000,HSC,37.85,2023-24,G.H.S.E.B,COMMERCE,0,active,Not Churn,0,Active
23BCA04438,BPCCS,6,Male,SCST,Hindu,ARVALLI,18000,HSC,75.24,2023-24,G.H.S.E.B,COMMERCE,0,active,Not Churn,0,Active
23BCA04338,BPCCS,6,Male,OPEN,Hindu,KUTCH,18000,HSC,52.0,2023-24,G.H.S.E.B,COMMERCE,0,active,Not Churn,0,Active
23BCA04362,BPCCS,6,Female,SEBC,Hindu,MEHSANA,18000,HSC,84.14,2023-24,G.H.S.E.B,COMMERCE,0,active,Not Churn,0,Active
23BCA04380,BPCCS,6,Female,SEBC,Hindu,GANDHINAGAR,18000,HSC,56.85,2023-24,G.H.S.E.B,ARTS,0,active,Not Churn,0,Active
23BCA04170,BPCCS,6,Female,OPEN,Hindu,AHMEDABAD,18000,HSC,38.0,2023-24,G.H.S.E.B,COMMERCE,0,active,Not Churn,0,Active
23BCA04114,BPCCS,6,Male,OPEN,Hindu,GANDHINAGAR,18000,HSC,62.85,2023-24,G.H.S.E.B,COMMERCE,0,active,Not Churn,0,Active
23BCA04174,BPCCS,6,Male,OBC,Hindu,GANDHINAGAR,18000,HSC,66.0,2023-24,G.H.S.E.B,COMMERCE,0,active,Not Churn,0,Active
23BCA04118,BPCCS,6,Male,OBC,Hindu,GANDHINAGAR,18000,HSC,45.0,2023-24,G.H.S.E.B,COMMERCE,0,active,Not Churn,0,Active
23BCA04373,BPCCS,6,Male,OPEN,Hindu,GANDHINAGAR,18000,HSC,44.85,2023-24,G.H.S.E.B,COMMERCE,0,active,Not Churn,0,Active
23BCA04449,BPCCS,6,Male,OPEN,Hindu,JUNAGADH,18000,HSC,80.0,2023-24,G.H.S.E.B,COMMERCE,0,active,Not Churn,0,Active
23BCA04255,BPCCS,6,Male,OPEN,Hindu,SURENDRANAGAR,18000,HSC,44.0,2023-24,G.H.S.E.B,COMMERCE,0,active,Not Churn,0,Active
23BCA04214,BPCCS,6,Female,OPEN,Hindu,GANDHINAGAR,18000,HSC,70.29,2023-24,G.H.S.E.B,COMMERCE,0,active,Not Churn,0,Active
23BCA04202,BPCCS,6,Male,OPEN,Hindu,GANDHINAGAR,18000,HSC,58.4,2023-24,G.H.S.E.B,COMMERCE,0,active,Not Churn,0,Active
23BCA04273,BPCCS,6,Female,OPEN,Hindu,AHMEDABAD,18000,HSC,42.85,2023-24,G.H.S.E.B,COMMERCE,0,active,Not Churn,0,Active
23BCA04316,BPCCS,3,Female,SEBC,Hindu,AHMEDABAD,18000,HSC,65.45,2023-24,G.H.S.E.B,COMMERCE,0,dropout_mid,Churn,0,Active
23BCA04389,BPCCS,6,Male,OBC,Hindu,GANDHINAGAR,18000,HSC,59.57,2023-24,G.H.S.E.B,COMMERCE,0,active,Not Churn,0,Active
23BCA04547,BPCCS,6,Female,OBC,Muslim,GANDHINAGAR,18000,HSC,65.46,2023-24,G.H.S.E.B,COMMERCE,0,active,Not Churn,0,Active
23BCA04314,BPCCS,6,Female,SEBC,Hindu,AHMEDABAD,18000,HSC,66.0,2023-24,G.H.S.E.B,COMMERCE,0,active,Not Churn,0,Active
23BCA04220,BPCCS,6,Male,OPEN,Hindu,GANDHINAGAR,18000,HSC,59.28,2023-24,G.H.S.E.B,COMMERCE,0,active,Not Churn,0,Active
23BCA04453,BPCCS,6,Male,SEBC,Hindu,GANDHINAGAR,18000,HSC,57.57,2022-23,G.H.S.E.B,COMMERCE,0,active,Not Churn,0,Active
23BCA04141,BPCCS,6,Male,OBC,Hindu,ARVALLI,18000,HSC,64.53,2023-24,G.H.S.E.B,COMMERCE,0,active,Not Churn,0,Active
23BCA04116,BPCCS,6,Male,OBC,Hindu,GANDHINAGAR,18000,HSC,67.71,2023-24,G.H.S.E.B,COMMERCE,0,active,Not Churn,0,Active
23BCA04349,BPCCS,6,Male,SCST,Hindu,AHMEDABAD,18000,HSC,57.28,2023-24,G.H.S.E.B,COMMERCE,0,active,Not Churn,0,Active
23BCA04383,BPCCS,6,Female,OPEN,Muslim,MORBI,18000,HSC,62.71,2022-23,G.H.S.E.B,COMMERCE,0,active,Not Churn,0,Active
23BCA04523,BPCCS,6,Male,OPEN,Jain,AHMEDABAD,18000,HSC,48.0,2023-24,G.H.S.E.B,COMMERCE,0,active,Not Churn,0,Active
23BCA04187,BPCCS,6,Male,OBC,Hindu,GANDHINAGAR,18000,HSC,50.28,2023-24,G.H.S.E.B,COMMERCE,0,active,Not Churn,0,Active
23BCA04292,BPCCS,6,Male,OPEN,Hindu,GANDHINAGAR,18000,HSC,57.28,2023-24,G.H.S.E.B,COMMERCE,0,active,Not Churn,0,Active
23BCA04209,BPCCS,6,Male,OPEN,Hindu,GANDHINAGAR,18000,HSC,67.57,2023-24,G.H.S.E.B,COMMERCE,0,active,Not Churn,0,Active
23BCA04272,BPCCS,6,Female,OPEN,Hindu,GANDHINAGAR,18000,HSC,49.71,2023-24,G.H.S.E.B,COMMERCE,0,active,Not Churn,0,Active
23BCA04470,BPCCS,6,Male,OBC,Hindu,GANDHINAGAR,18000,HSC,43.28,2023-24,G.H.S.E.B,COMMERCE,0,active,Not Churn,0,Active
23BCA04093,BPCCS,6,Male,OPEN,Hindu,AHMEDABAD,18000,HSC,56.14,2023-24,G.H.S.E.B,COMMERCE,0,active,Not Churn,0,Active
23BCA04178,BPCCS,6,Male,OBC,Hindu,AHMEDABAD,18000,HSC,59.71,2023-24,G.H.S.E.B,COMMERCE,0,active,Not Churn,0,Active
23BCA04460,BPCCS,6,Male,SEBC,Hindu,AHMEDABAD,18000,HSC,59.46,2023-24,G.H.S.E.B,COMMERCE,0,active,Not Churn,0,Active
23BCA04290,BPCCS,6,Male,OPEN,Hindu,AHMEDABAD,18000,HSC,46.28,2023-24,G.H.S.E.B,COMMERCE,0,active,Not Churn,0,Active
23BCA04323,BPCCS,6,Female,OBC,Hindu,GANDHINAGAR,18000,HSC,57.28,2023-24,G.H.S.E.B,COMMERCE,0,active,Not Churn,0,Active
23BCA04078,BPCCS,6,Male,OPEN,Hindu,MORBI,18000,HSC,63.19,2023-24,G.H.S.E.B,COMMERCE,0,active,Not Churn,0,Active
23BCA53143,SVICS-G,3,Male,OPEN,Hindu,AHMEDABAD,27000,HSC,67.86,2022-23,G.H.S.E.B,COMMERCE,0,dropout_mid,Churn,0,Active
23BCA04056,BPCCS,6,Male,OPEN,Hindu,GANDHINAGAR,18000,HSC,48.0,2023-24,G.H.S.E.B,COMMERCE,0,active,Not Churn,0,Active
23BCA04121,BPCCS,6,Male,OPEN,Hindu,JAMNAGAR,18000,HSC,73.57,2023-24,G.H.S.E.B,COMMERCE,0,active,Not Churn,0,Active
23BCA04126,BPCCS,6,Male,OPEN,Hindu,BHAVNAGAR,18000,HSC,71.0,2023-24,G.H.S.E.B,COMMERCE,0,active,Not Churn,0,Active
23BCA53170,SVICS-G,3,Male,SCST,Hindu,GANDHINAGAR,27000,HSC,68.28,2023-24,GSEB,COMMERCE,0,dropout_mid,Churn,0,Active
23BCA04008,BPCCS,6,Male,OPEN,Muslim,MORBI,18000,HSC,77.14,2023-24,G.H.S.E.B,COMMERCE,0,active,Not Churn,0,Active
23BCA04498,BPCCS,6,Male,OPEN,Hindu,PATAN,18000,HSC,65.86,2023-24,G.H.S.E.B,COMMERCE,0,active,Not Churn,0,Active
23BCA04013,BPCCS,6,Male,OPEN,Muslim,MORBI,18000,HSC,75.57,2023-24,G.H.S.E.B,COMMERCE,0,active,Not Churn,0,Active
23BCA04426,BPCCS,6,Male,OPEN,Hindu,GANDHINAGAR,18000,HSC,49.87,2023-24,G.H.S.E.B,COMMERCE,0,active,Not Churn,0,Active
23BCA04429,BPCCS,6,Female,SCST,Hindu,AHMEDABAD,18000,HSC,73.86,2023-24,G.H.S.E.B,COMMERCE,0,active,Not Churn,0,Active
23BCA04260,BPCCS,6,Male,OPEN,Hindu,GANDHINAGAR,18000,HSC,61.0,2023-24,G.H.S.E.B,COMMERCE,0,active,Not Churn,0,Active
23BCA53188,SVICS-G,3,Male,OBC,Hindu,DEVBHUMI DWARKA,27000,HSC,76.28,2023-24,G.H.S.E.B,COMMERCE,0,dropout_mid,Churn,0,Active
23BCA04030,BPCCS,6,Male,OPEN,Hindu,JAMNAGAR,18000,HSC,76.42,2023-24,G.H.S.E.B,COMMERCE,0,active,Not Churn,0,Active
23BCA04038,BPCCS,6,Male,OBC,Hindu,PATAN,18000,HSC,65.0,2023-24,G.H.S.E.B,ARTS,0,active,Not Churn,0,Active
23BCA53079,SVICS-G,3,Male,OPEN,Hindu,SURENDRANAGAR,27000,HSC,50.29,2023-24,G.H.S.E.B,ARTS,0,dropout_mid,Churn,0,Active
23BCA04059,BPCCS,6,Male,SEBC,Hindu,SURENDRANAGAR,18000,HSC,75.0,2023-24,G.H.S.E.B,COMMERCE,0,active,Not Churn,0,Active
23BCA04520,BPCCS,6,Female,SCST,Hindu,AHMEDABAD,18000,HSC,53.28,2023-24,G.H.S.E.B,COMMERCE,0,active,Not Churn,0,Active
23BCA04133,BPCCS,6,Male,SEBC,Hindu,GANDHINAGAR,18000,HSC,42.0,2023-24,G.H.S.E.B,ARTS,0,active,Not Churn,0,Active
23BCA04536,BPCCS,5,Male,OPEN,Hindu,HALVAD,18000,HSC,44.43,2023-24,G.H.S.E.B,COMMERCE,0,active,Not Churn,0,Active
23BCA04439,BPCCS,3,Male,SEBC,Hindu,AHMEDABAD,18000,HSC,62.93,2023-24,G.H.S.E.B,COMMERCE,0,dropout_mid,Churn,0,Active
23BCA04048,BPCCS,3,Male,SEBC,Hindu,BANASKANTHA,18000,HSC,48.71,2023-24,G.H.S.E.B,ARTS,0,dropout_mid,Churn,0,Active
23BCA04471,BPCCS,6,Male,SEBC,Hindu,GIR SOMNATH,18000,HSC,65.06,2023-24,G.H.S.E.B,COMMERCE,0,active,Not Churn,0,Active
23BCA04054,BPCCS,6,Male,SEBC,Hindu,GANDHINAGAR,18000,HSC,63.71,2023-24,G.H.S.E.B,COMMERCE,0,active,Not Churn,0,Active
23BCA04505,BPCCS,2,Male,OPEN,Hindu,GANDHINAGAR,18000,HSC,43.85,2023-24,G.H.S.E.B,COMMERCE,0,active,Not Churn,0,Active
23BCA04173,BPCCS,6,Female,OPEN,Hindu,AMRELI,18000,HSC,76.0,2023-24,G.H.S.E.B,COMMERCE,0,active,Not Churn,0,Active
23BCA04090,BPCCS,4,Female,SCST,Hindu,GANDHINAGAR,18000,HSC,49.0,2023-24,G.H.S.E.B,COMMERCE,0,active,Not Churn,0,Active
23BCA04265,BPCCS,6,Female,OPEN,Hindu,GANDHINAGAR,18000,HSC,76.0,2023-24,G.H.S.E.B,COMMERCE,0,active,Not Churn,0,Active
23BCA04222,BPCCS,6,Female,OPEN,Hindu,AHMEDABAD,18000,HSC,56.66,2021-22,G.H.S.E.B,COMMERCE,0,active,Not Churn,0,Active
23BCA04379,BPCCS,6,Female,OPEN,Hindu,AHMEDABAD,18000,HSC,56.26,2023-24,G.H.S.E.B,COMMERCE,0,active,Not Churn,0,Active
23BCA04219,BPCCS,6,Female,OPEN,Hindu,GANDHINAGAR,18000,HSC,63.33,2023-24,G.H.S.E.B,COMMERCE,0,active,Not Churn,0,Active
23BCA04240,BPCCS,6,Male,OPEN,Hindu,AHMEDABAD,18000,HSC,62.04,2023-24,G.H.S.E.B,COMMERCE,0,active,Not Churn,0,Active
23BCA04387,BPCCS,6,Male,OBC,Hindu,AHMEDABAD,18000,HSC,59.8,2023-24,G.H.S.E.B,COMMERCE,0,active,Not Churn,0,Active
23BCA04301,BPCCS,6,Male,OPEN,Hindu,GANDHINAGAR,18000,HSC,64.14,2023-24,G.H.S.E.B,COMMERCE,0,active,Not Churn,0,Active
23BCA04488,BPCCS,6,Male,SCST,Hindu,GANDHINAGAR,18000,HSC,43.28,2023-24,G.H.S.E.B,COMMERCE,0,active,Not Churn,0,Active
23BCA04019,BPCCS,6,Male,OPEN,Hindu,GANDHINAGAR,18000,HSC,65.57,2023-24,G.H.S.E.B,COMMERCE,0,active,Not Churn,0,Active
23BCA04542,BPCCS,6,Male,SCST,Hindu,GANDHINAGAR,18000,HSC,60.13,2023-24,G.H.S.E.B,COMMERCE,0,active,Not Churn,0,Active
23BCA04384,BPCCS,6,Female,SCST,Hindu,GANDHINAGAR,18000,HSC,47.84,2023-24,G.H.S.E.B,COMMERCE,0,active,Not Churn,0,Active
23BCA04318,BPCCS,6,Female,SEBC,Hindu,GANDHINAGAR,18000,HSC,82.13,2023-24,G.H.S.E.B,COMMERCE,0,active,Not Churn,0,Active
23BCA04328,BPCCS,6,Male,SEBC,Hindu,BANASKANTHA,18000,HSC,59.53,2022-23,G.H.S.E.B,SCIENCE,0,active,Not Churn,0,Active
23BCA04196,BPCCS,6,Male,SCST,Hindu,GANDHINAGAR,18000,HSC,82.0,2023-24,G.H.S.E.B,COMMERCE,0,active,Not Churn,0,Active
23BCA04111,BPCCS,6,Male,OPEN,Hindu,AHMEDABAD,18000,HSC,58.04,2023-24,G.H.S.E.B,COMMERCE,0,active,Not Churn,0,Active
23BCA04300,BPCCS,6,Female,OPEN,Hindu,AHMEDABAD,18000,HSC,78.14,2023-24,G.H.S.E.B,COMMERCE,0,active,Not Churn,0,Active
23BCA04499,BPCCS,6,Female,OPEN,Hindu,AHMEDABAD,18000,HSC,65.57,2023-24,G.H.S.E.B,COMMERCE,0,active,Not Churn,0,Active
23BCA04343,BPCCS,6,Male,OPEN,Hindu,ARVALLI,18000,HSC,70.0,2023-24,G.H.S.E.B,ARTS,0,active,Not Churn,0,Active
23BCA04417,BPCCS,6,Female,OPEN,Hindu,GANDHINAGAR,18000,HSC,75.4,2023-24,G.H.S.E.B,COMMERCE,0,active,Not Churn,0,Active
23BCA53111,SVICS-G,3,Male,OPEN,Hindu,GANDHINAGAR,27000,HSC,50.71,2023-24,G.H.S.E.B,COMMERCE,0,dropout_mid,Churn,0,Active
23BCA04440,BPCCS,6,Male,OPEN,Hindu,KUTCH,18000,HSC,71.57,2023-24,G.H.S.E.B,COMMERCE,0,active,Not Churn,0,Active
23BCA04281,BPCCS,6,Female,OPEN,Hindu,AHMEDABAD,18000,HSC,50.0,2021-22,G.H.S.E.B,COMMERCE,0,active,Not Churn,0,Active
23BCA04024,BPCCS,6,Male,OBC,Hindu,GANDHINAGAR,18000,HSC,63.0,2023-24,G.H.S.E.B,COMMERCE,0,active,Not Churn,0,Active
23BCA04283,BPCCS,6,Female,OPEN,Hindu,AHMEDABAD,18000,HSC,48.0,2023-24,G.H.S.E.B,COMMERCE,0,active,Not Churn,0,Active
23BCA04031,BPCCS,6,Male,OBC,Hindu,GANDHINAGAR,18000,HSC,55.57,2023-24,G.H.S.E.B,COMMERCE,0,active,Not Churn,0,Active
23BCA53159,SVICS-G,3,Female,SEBC,Hindu,GANDHINAGAR,27000,HSC,83.42,2023-24,G.H.S.E.B,COMMERCE,0,dropout_mid,Churn,0,Active
23BCA04425,BPCCS,6,Male,OBC,Muslim,GANDHINAGAR,18000,HSC,42.4,2023-24,G.H.S.E.B,COMMERCE,0,active,Not Churn,0,Active
23BCA04396,BPCCS,6,Male,OPEN,Hindu,GANDHINAGAR,18000,HSC,79.57,2023-24,G.H.S.E.B,COMMERCE,0,active,Not Churn,0,Active
23BCA04369,BPCCS,6,Female,OPEN,Hindu,KUTCH,18000,HSC,83.0,2023-24,G.H.S.E.B,COMMERCE,0,active,Not Churn,0,Active
23BCA04401,BPCCS,6,Male,OPEN,Hindu,GANDHINAGAR,18000,HSC,75.0,2023-24,G.H.S.E.B,COMMERCE,0,active,Not Churn,0,Active
23BCA04066,BPCCS,6,Male,SEBC,Hindu,BOTAD,18000,HSC,72.93,2023-24,G.H.S.E.B,COMMERCE,0,active,Not Churn,0,Active
23BCA04035,BPCCS,6,Male,SEBC,Hindu,BOTAD,18000,HSC,82.0,2023-24,G.H.S.E.B,ARTS,0,active,Not Churn,0,Active
23BCA04377,BPCCS,6,Female,OPEN,Hindu,GANDHINAGAR,18000,HSC,50.0,2023-24,G.H.S.E.B,COMMERCE,0,active,Not Churn,0,Active
23BCA04483,BPCCS,5,Male,SEBC,Hindu,SURENDRANAGAR,18000,HSC,43.0,2023-24,G.H.S.E.B,COMMERCE,0,active,Not Churn,0,Active
23BCA04484,BPCCS,6,Female,OPEN,Muslim,AMRELI,18000,HSC,71.86,2022-23,G.H.S.E.B,COMMERCE,0,active,Not Churn,0,Active
23BCA04099,BPCCS,3,Male,SEBC,Hindu,SURENDRANAGAR,18000,HSC,45.71,2023-24,G.H.S.E.B,COMMERCE,0,dropout_mid,Churn,0,Active
23BCA53117,SVICS-G,3,Female,OPEN,Hindu,AHMEDABAD,27000,HSC,50.14,2023-24,G.H.S.E.B,COMMERCE,0,dropout_mid,Churn,0,Active
23BCA04360,BPCCS,6,Female,SCST,Hindu,GANDHINAGAR,18000,HSC,70.0,2023-24,G.H.S.E.B,COMMERCE,0,active,Not Churn,0,Active
23BCA04381,BPCCS,6,Male,SEBC,Muslim,GANDHINAGAR,18000,HSC,64.28,2023-24,G.H.S.E.B,COMMERCE,0,active,Not Churn,0,Active
23BCA04005,BPCCS,6,Female,SCST,Hindu,AHMEDABAD,18000,HSC,56.28,2023-24,G.H.S.E.B,COMMERCE,0,active,Not Churn,0,Active
23BCA04513,BPCCS,6,Female,SEBC,Hindu,AHMEDABAD,18000,HSC,57.43,2023-24,G.H.S.E.B,COMMERCE,0,active,Not Churn,0,Active
23BCA04160,BPCCS,5,Male,OPEN,Hindu,AHMEDABAD,18000,HSC,41.2,2023-24,G.H.S.E.B,COMMERCE,0,active,Not Churn,0,Active
23BCA04550,BPCCS,6,Male,SEBC,Hindu,BOTAD,18000,HSC,71.57,2023-24,G.H.S.E.B,COMMERCE,0,active,Not Churn,0,Active
23BCA53176,SVICS-G,3,Female,SCST,Hindu,DAHOD,27000,HSC,50.14,2023-24,G.H.S.E.B,ARTS,0,dropout_mid,Churn,0,Active
23BCA04421,BPCCS,3,Male,OPEN,Hindu,JUNAGADH,18000,HSC,46.37,2023-24,G.H.S.E.B,COMMERCE,0,active,Not Churn,0,Active
23BCA53158,SVICS-G,3,Female,OPEN,Hindu,BANASKANTHA,27000,HSC,70.72,2023-24,G.H.S.E.B,COMMERCE,0,dropout_mid,Churn,0,Active
23BCA53037,SVICS-G,3,Female,SEBC,Hindu,GANDHINAGAR,27000,HSC,61.0,2023-24,G.H.S.E.B,COMMERCE,0,dropout_mid,Churn,0,Active
23BCA04083,BPCCS,3,Male,OPEN,Hindu,GANDHINAGAR,18000,HSC,73.57,2023-24,G.H.S.E.B,COMMERCE,0,dropout_mid,Churn,0,Active
23BCA53017,SVICS-G,3,Male,SEBC,Hindu,BANASKANTHA,27000,HSC,57.29,2023-24,G.H.S.E.B,COMMERCE,0,dropout_mid,Churn,0,Active
23BCA53227,SVICS-G,3,Male,OPEN,Hindu,AHMEDABAD,27000,HSC,46.71,2023-24,G.H.S.E.B,COMMERCE,0,dropout_mid,Churn,0,Active
23BCA04280,BPCCS,6,Male,OPEN,Hindu,GANDHINAGAR,18000,HSC,51.86,2023-24,G.H.S.E.B,COMMERCE,0,active,Not Churn,0,Active
23BCA53109,SVICS-G,3,Male,OPEN,Hindu,MEHSANA,27000,HSC,40.1,2023-24,G.H.S.E.B,ARTS,0,dropout_mid,Churn,0,Active
23BCA53232,SVICS-G,3,Male,OPEN,Hindu,GANDHINAGAR,27000,HSC,48.26,2023-24,G.H.S.E.B,COMMERCE,0,dropout_mid,Churn,0,Active
23BCA53181,SVICS-G,3,Male,OPEN,Hindu,GANDHINAGAR,27000,HSC,58.53,2023-24,G.H.S.E.B,COMMERCE,0,dropout_mid,Churn,0,Active
23BCA04021,BPCCS,6,Male,SEBC,Hindu,AHMEDABAD,18000,HSC,59.14,2023-24,G.H.S.E.B,COMMERCE,0,active,Not Churn,0,Active
23BCA04064,BPCCS,6,Female,SEBC,Hindu,AHMEDABAD,18000,HSC,56.28,2023-24,G.H.S.E.B,COMMERCE,0,active,Not Churn,0,Active
23BCA53054,SVICS-G,3,Male,SCST,Hindu,GANDHINAGAR,27000,HSC,50.71,2023-24,G.H.S.E.B,COMMERCE,0,dropout_mid,Churn,0,Active
23BCA53230,SVICS-G,3,Male,SEBC,Muslim,GANDHINAGAR,27000,HSC,64.0,2023-24,G.H.S.E.B,COMMERCE,0,dropout_mid,Churn,0,Active
23BCA53132,SVICS-G,3,Female,OBC,Hindu,GANDHINAGAR,27000,HSC,70.71,2023-24,G.H.S.E.B,COMMERCE,0,dropout_mid,Churn,0,Active
23BCA53106,SVICS-G,3,Male,SEBC,Hindu,GANDHINAGAR,27000,HSC,84.43,2023-24,G.H.S.E.B,COMMERCE,0,dropout_mid,Churn,0,Active
23BCA53088,SVICS-G,3,Female,SCST,Hindu,GANDHINAGAR,27000,HSC,66.42,2023-24,G.H.S.E.B,COMMERCE,0,dropout_mid,Churn,0,Active
23BCA53007,SVICS-G,3,Male,SEBC,Hindu,GANDHINAGAR,27000,HSC,65.28,2023-24,G.H.S.E.B,COMMERCE,0,dropout_mid,Churn,0,Active
23BCA53220,SVICS-G,3,Male,OBC,Hindu,ARVALLI,27000,HSC,48.8,2023-24,G.H.S.E.B,COMMERCE,0,dropout_mid,Churn,0,Active
23BCA53218,SVICS-G,3,Male,OBC,Hindu,ARVALLI,27000,HSC,60.0,2023-24,G.H.S.E.B,COMMERCE,0,dropout_mid,Churn,0,Active
23BCA53136,SVICS-G,3,Female,OPEN,Hindu,GANDHINAGAR,27000,HSC,65.0,2023-24,G.H.S.E.B,COMMERCE,0,dropout_mid,Churn,0,Active
23BCA53223,SVICS-G,3,Male,SEBC,Hindu,GANDHINAGAR,27000,HSC,47.42,2023-24,G.H.S.E.B,COMMERCE,0,dropout_mid,Churn,0,Active
23BCA53016,SVICS-G,3,Male,SEBC,Hindu,BANASKANTHA,27000,HSC,71.28,2023-24,G.H.S.E.B,ARTS,0,dropout_mid,Churn,0,Active
23BCA53042,SVICS-G,3,Male,OPEN,Hindu,GANDHINAGAR,27000,HSC,55.0,2023-24,G.H.S.E.B,COMMERCE,0,dropout_mid,Churn,0,Active
23BCA53003,SVICS-G,3,Male,OPEN,Hindu,GIR SOMNATH,27000,HSC,63.0,2023-24,CBSE,SCIENCE,0,dropout_mid,Churn,0,Active
23BCA53064,SVICS-G,3,Female,SEBC,Hindu,BANASKANTHA,27000,HSC,81.71,2023-24,G.H.S.E.B,COMMERCE,0,dropout_mid,Churn,0,Active
23BCA53096,SVICS-G,3,Male,SEBC,Hindu,GANDHINAGAR,27000,HSC,68.0,2023-24,G.H.S.E.B,ARTS,0,dropout_mid,Churn,0,Active
23BCA53014,SVICS-G,3,Male,SEBC,Hindu,GANDHINAGAR,27000,HSC,57.28,2023-24,G.H.S.E.B,COMMERCE,0,dropout_mid,Churn,0,Active
23BCA53168,SVICS-G,3,Female,OPEN,Hindu,AHMEDABAD,27000,HSC,58.0,2023-24,G.H.S.E.B,COMMERCE,0,dropout_mid,Churn,0,Active
23BCA04355,BPCCS,6,Female,OPEN,Hindu,GANDHINAGAR,18000,HSC,70.53,2023-24,G.H.S.E.B,COMMERCE,0,active,Not Churn,0,Active
23BCA04356,BPCCS,6,Male,OPEN,Hindu,GANDHINAGAR,18000,HSC,78.4,2023-24,G.H.S.E.B,COMMERCE,0,active,Not Churn,0,Active
23BCA53141,SVICS-G,3,Male,SEBC,Hindu,AMRELI,27000,HSC,58.14,2023-24,G.H.S.E.B,COMMERCE,0,dropout_mid,Churn,0,Active
23BCA53224,SVICS-G,3,Female,OBC,Hindu,AHMEDABAD,27000,HSC,70.42,2022-23,G.H.S.E.B,COMMERCE,0,dropout_mid,Churn,0,Active
23BCA53234,SVICS-G,3,Female,OPEN,Hindu,GIR SOMNATH,27000,HSC,75.33,2023-24,G.H.S.E.B,COMMERCE,0,dropout_mid,Churn,0,Active
23BCA53093,SVICS-G,3,Male,OPEN,Hindu,AHMEDABAD,27000,HSC,57.14,2023-24,G.H.S.E.B,COMMERCE,0,dropout_mid,Churn,0,Active
23BCA53225,SVICS-G,3,Male,OPEN,Hindu,GANDHINAGAR,27000,HSC,68.4,2023-24,G.H.S.E.B,ARTS,0,dropout_mid,Churn,0,Active
23BCA53001,SVICS-G,3,Male,SEBC,Hindu,SIROHI,27000,HSC,74.4,2023-24,Other,SCIENCE,0,dropout_mid,Churn,0,Active
23BCA53180,SVICS-G,3,Male,OBC,Hindu,SURENDRANAGAR,27000,HSC,50.42,2023-24,G.H.S.E.B,COMMERCE,0,dropout_mid,Churn,0,Active
23BCA53062,SVICS-G,3,Female,OBC,Hindu,GANDHINAGAR,27000,HSC,74.14,2023-24,G.H.S.E.B,COMMERCE,0,dropout_mid,Churn,0,Active
23BCA53028,SVICS-G,3,Male,OBC,Hindu,GANDHINAGAR,27000,HSC,41.17,2023-24,G.H.S.E.B,ARTS,0,dropout_mid,Churn,0,Active
23BCA53236,SVICS-G,3,Female,SCST,Hindu,GANDHINAGAR,27000,HSC,44.0,2023-24,G.H.S.E.B,COMMERCE,0,dropout_mid,Churn,0,Active
23BCA53023,SVICS-G,3,Female,OPEN,Hindu,AHMEDABAD,27000,HSC,54.66,2023-24,G.H.S.E.B,COMMERCE,0,dropout_mid,Churn,0,Active
23BCA53058,SVICS-G,3,Male,SEBC,Muslim,MEHSANA,27000,HSC,59.85,2023-24,G.H.S.E.B,ARTS,0,dropout_mid,Churn,0,Active
23BCA53120,SVICS-G,3,Male,OPEN,Hindu,AHMEDABAD,27000,HSC,59.14,2023-24,G.H.S.E.B,COMMERCE,0,dropout_mid,Churn,0,Active
23BCA53108,SVICS-G,3,Female,OPEN,Hindu,MEHSANA,27000,HSC,54.0,2023-24,G.H.S.E.B,COMMERCE,0,dropout_mid,Churn,0,Active
23BCA53200,SVICS-G,3,Male,OPEN,Hindu,GANDHINAGAR,27000,HSC,51.57,2023-24,G.H.S.E.B,COMMERCE,0,dropout_mid,Churn,0,Active
23BCA53177,SVICS-G,3,Female,OPEN,Hindu,AHMEDABAD,27000,HSC,48.88,2023-24,G.H.S.E.B,ARTS,0,dropout_mid,Churn,0,Active
23BCA53009,SVICS-G,3,Male,SEBC,Hindu,AHMEDABAD,27000,HSC,48.28,2023-24,G.H.S.E.B,COMMERCE,0,dropout_mid,Churn,0,Active
23BCA53068,SVICS-G,3,Male,OPEN,Hindu,AHMEDABAD,27000,HSC,62.14,2023-24,G.H.S.E.B,COMMERCE,0,dropout_mid,Churn,0,Active
23BCA53112,SVICS-G,3,Female,OPEN,Hindu,GANDHINAGAR,27000,HSC,56.14,2023-24,G.H.S.E.B,COMMERCE,0,dropout_mid,Churn,0,Active
23BCA53203,SVICS-G,3,Male,SCST,Hindu,GANDHINAGAR,27000,HSC,69.0,2023-24,G.H.S.E.B,COMMERCE,0,dropout_mid,Churn,0,Active
23BCA53178,SVICS-G,2,Male,OPEN,Muslim,MEHSANA,27000,HSC,56.04,2022-23,Other,COMMERCE,0,dropout_mid,Churn,0,Active
23BCA53129,SVICS-G,3,Female,SEBC,Hindu,GANDHINAGAR,27000,HSC,69.0,2022-23,Other,SCIENCE,0,dropout_mid,Churn,0,Active
23BCA53238,SVICS-G,3,Female,OPEN,Muslim,SABARKANTHA,27000,HSC,56.57,2023-24,G.H.S.E.B,COMMERCE,0,dropout_mid,Churn,0,Active
23BCA53115,SVICS-G,3,Male,OPEN,Hindu,GANDHINAGAR,27000,HSC,55.28,2023-24,G.H.S.E.B,COMMERCE,0,dropout_mid,Churn,0,Active
23BCA53008,SVICS-G,3,Female,OPEN,Jain,GANDHINAGAR,27000,HSC,50.0,2023-24,G.H.S.E.B,COMMERCE,0,dropout_mid,Churn,0,Active
23BCA53114,SVICS-G,3,Female,OPEN,Hindu,SURENDRANAGAR,27000,HSC,62.0,2023-24,G.H.S.E.B,COMMERCE,0,dropout_mid,Churn,0,Active
23BCA53198,SVICS-G,3,Male,OPEN,Hindu,BOTAD,27000,HSC,73.0,2023-24,G.H.S.E.B,COMMERCE,0,dropout_mid,Churn,0,Active
23BCA53030,SVICS-G,3,Female,SEBC,Hindu,AHMEDABAD,27000,HSC,67.33,2023-24,G.H.S.E.B,COMMERCE,0,dropout_mid,Churn,0,Active
23BCA53147,SVICS-G,3,Male,OPEN,Hindu,GANDHINAGAR,27000,HSC,58.29,2023-24,G.H.S.E.B,COMMERCE,0,dropout_mid,Churn,0,Active
23BCA53100,SVICS-G,3,Male,OPEN,Hindu,ARVALLI,27000,HSC,75.42,2023-24,G.H.S.E.B,COMMERCE,0,dropout_mid,Churn,0,Active
23BCA53071,SVICS-G,3,Male,OPEN,Hindu,AMRELI,27000,HSC,51.42,2023-24,G.H.S.E.B,COMMERCE,0,dropout_mid,Churn,0,Active
23BCA53160,SVICS-G,3,Male,OBC,Hindu,GANDHINAGAR,27000,HSC,46.0,2023-24,G.H.S.E.B,COMMERCE,0,dropout_mid,Churn,0,Active
23BCA53059,SVICS-G,3,Male,OBC,Muslim,GANDHINAGAR,27000,HSC,43.57,2023-24,G.H.S.E.B,COMMERCE,0,dropout_mid,Churn,0,Active
23BCA53150,SVICS-G,3,Female,OPEN,Hindu,AHMEDABAD,27000,HSC,67.78,2023-24,G.H.S.E.B,COMMERCE,0,dropout_mid,Churn,0,Active
23BCA53186,SVICS-G,3,Male,OPEN,Hindu,KUTCH,27000,HSC,53.73,2023-24,G.H.S.E.B,COMMERCE,0,dropout_mid,Churn,0,Active
23BCA53046,SVICS-G,3,Female,OPEN,Hindu,GANDHINAGAR,27000,HSC,59.51,2023-24,G.H.S.E.B,ARTS,0,dropout_mid,Churn,0,Active
23BCA53040,SVICS-G,3,Male,SCST,Hindu,PORBANDAR,27000,HSC,87.14,2023-24,G.H.S.E.B,ARTS,0,dropout_mid,Churn,0,Active
23BCA53152,SVICS-G,3,Male,SEBC,Hindu,GANDHINAGAR,27000,HSC,68.0,2023-24,G.H.S.E.B,COMMERCE,0,dropout_mid,Churn,0,Active
23BCA53165,SVICS-G,3,Male,SEBC,Hindu,GANDHINAGAR,27000,HSC,79.0,2023-24,G.H.S.E.B,COMMERCE,0,dropout_mid,Churn,0,Active
23BCA53122,SVICS-G,3,Male,OPEN,Hindu,GANDHINAGAR,27000,HSC,59.71,2023-24,G.H.S.E.B,COMMERCE,0,dropout_mid,Churn,0,Active
23BCA53051,SVICS-G,3,Male,OPEN,Hindu,MORBI,27000,HSC,44.0,2023-24,G.H.S.E.B,COMMERCE,0,dropout_mid,Churn,0,Active
23BCA53094,SVICS-G,3,Female,OPEN,Hindu,GANDHINAGAR,27000,HSC,61.42,2023-24,G.H.S.E.B,COMMERCE,0,dropout_mid,Churn,0,Active
23BCA53113,SVICS-G,3,Male,OPEN,Hindu,GANDHINAGAR,27000,HSC,62.85,2023-24,G.H.S.E.B,COMMERCE,0,dropout_mid,Churn,0,Active
23BCA53053,SVICS-G,3,Male,OPEN,Hindu,RAJKOT,27000,HSC,59.42,2023-24,G.H.S.E.B,COMMERCE,0,dropout_mid,Churn,0,Active
23BCA53082,SVICS-G,3,Male,SEBC,Hindu,GANDHINAGAR,27000,HSC,54.42,2023-24,G.H.S.E.B,COMMERCE,0,dropout_mid,Churn,0,Active
23BCA53035,SVICS-G,3,Male,SCST,Hindu,GANDHINAGAR,27000,HSC,56.28,2023-24,G.H.S.E.B,COMMERCE,0,dropout_mid,Churn,0,Active
23BCA53128,SVICS-G,3,Male,SEBC,Hindu,AHMEDABAD,27000,HSC,55.57,2023-24,G.H.S.E.B,COMMERCE,0,dropout_mid,Churn,0,Active
23BCA53004,SVICS-G,3,Female,SCST,Hindu,AHMEDABAD,27000,HSC,74.0,2023-24,G.H.S.E.B,COMMERCE,0,dropout_mid,Churn,0,Active
23BCA53005,SVICS-G,3,Female,SCST,Hindu,AHMEDABAD,27000,HSC,65.86,2023-24,G.H.S.E.B,COMMERCE,0,dropout_mid,Churn,0,Active
23BCA53124,SVICS-G,3,Female,OPEN,Hindu,SURENDRANAGAR,27000,HSC,73.85,2023-24,G.H.S.E.B,COMMERCE,0,dropout_mid,Churn,0,Active
23BCA53041,SVICS-G,3,Male,SCST,Hindu,GANDHINAGAR,27000,HSC,45.42,2023-24,G.H.S.E.B,COMMERCE,0,dropout_mid,Churn,0,Active
23BCA53149,SVICS-G,3,Female,SCST,Hindu,AHMEDABAD,27000,HSC,85.43,2023-24,G.H.S.E.B,COMMERCE,0,dropout_mid,Churn,0,Active
23BCA53050,SVICS-G,3,Male,OBC,Hindu,PATAN,27000,HSC,71.28,2023-24,G.H.S.E.B,COMMERCE,0,dropout_mid,Churn,0,Active
23BCA53006,SVICS-G,3,Male,SEBC,Hindu,DAHOD,27000,HSC,66.0,2023-24,G.H.S.E.B,ARTS,0,dropout_mid,Churn,0,Active
23BCA53116,SVICS-G,3,Male,OPEN,Hindu,ARVALLI,27000,HSC,73.28,2023-24,G.H.S.E.B,ARTS,0,dropout_mid,Churn,0,Active
23BCA53087,SVICS-G,3,Female,SCST,Hindu,AHMEDABAD,27000,HSC,75.0,2023-24,G.H.S.E.B,COMMERCE,0,dropout_mid,Churn,0,Active
23BCA53204,SVICS-G,3,Female,SCST,Hindu,AHMEDABAD,27000,HSC,52.0,2023-24,G.H.S.E.B,COMMERCE,0,dropout_mid,Churn,0,Active
23BCA53228,SVICS-G,3,Female,SEBC,Hindu,GANDHINAGAR,27000,HSC,66.85,2023-24,G.H.S.E.B,ARTS,0,dropout_mid,Churn,0,Active
23BCA53020,SVICS-G,3,Male,OPEN,Hindu,GANDHINAGAR,27000,HSC,55.43,2023-24,G.H.S.E.B,COMMERCE,0,dropout_mid,Churn,0,Active
23BCA53098,SVICS-G,3,Male,OPEN,Hindu,AHMEDABAD,27000,HSC,65.14,2023-24,G.H.S.E.B,COMMERCE,0,dropout_mid,Churn,0,Active
23BCA53069,SVICS-G,3,Male,SEBC,Hindu,PORBANDAR,27000,HSC,40.57,2023-24,G.H.S.E.B,ARTS,0,dropout_mid,Churn,0,Active
23BCA53034,SVICS-G,3,Female,OPEN,Hindu,GANDHINAGAR,27000,HSC,54.87,2023-24,G.H.S.E.B,ARTS,0,dropout_mid,Churn,0,Active
23BCA53126,SVICS-G,3,Female,OPEN,Muslim,GANDHINAGAR,27000,HSC,58.0,2023-24,CBSE,COMMERCE,0,dropout_mid,Churn,0,Active
23BCA53167,SVICS-G,3,Male,OPEN,Hindu,GANDHINAGAR,27000,HSC,61.57,2023-24,G.H.S.E.B,COMMERCE,0,dropout_mid,Churn,0,Active
23BCA53157,SVICS-G,3,Male,SEBC,Hindu,SURAT,27000,HSC,61.0,2023-24,G.H.S.E.B,SCIENCE,0,dropout_mid,Churn,0,Active
23BCA53086,SVICS-G,3,Male,OPEN,Christian,AHMEDABAD,27000,HSC,59.73,2023-24,G.H.S.E.B,COMMERCE,0,dropout_mid,Churn,0,Active
23BCA53022,SVICS-G,3,Male,SEBC,Hindu,JUNAGADH,27000,HSC,55.14,2023-24,G.H.S.E.B,COMMERCE,0,dropout_mid,Churn,0,Active
23BCA53217,SVICS-G,3,Female,OPEN,Hindu,GANDHINAGAR,27000,HSC,71.42,2023-24,G.H.S.E.B,COMMERCE,0,dropout_mid,Churn,0,Active
23BCA53194,SVICS-G,3,Male,SEBC,Hindu,GIR SOMNATH,27000,HSC,67.0,2023-24,G.H.S.E.B,COMMERCE,0,dropout_mid,Churn,0,Active
23BCA53043,SVICS-G,3,Male,SEBC,Hindu,AHMEDABAD,27000,HSC,53.14,2023-24,G.H.S.E.B,COMMERCE,0,dropout_mid,Churn,0,Active
23BCA53024,SVICS-G,3,Male,OPEN,Christian,GANDHINAGAR,27000,HSC,63.0,2023-24,Other,SCIENCE,0,dropout_mid,Churn,0,Active
23BCA53201,SVICS-G,3,Male,OBC,Hindu,AHMEDABAD,27000,HSC,48.86,2023-24,G.H.S.E.B,COMMERCE,0,dropout_mid,Churn,0,Active
23BCA53070,SVICS-G,3,Male,SEBC,Hindu,GANDHINAGAR,27000,HSC,62.0,2023-24,G.H.S.E.B,ARTS,0,dropout_mid,Churn,0,Active
23BCA53057,SVICS-G,3,Male,SEBC,Hindu,SURENDRANAGAR,27000,HSC,68.4,2023-24,G.H.S.E.B,ARTS,0,dropout_mid,Churn,0,Active
23BCA53047,SVICS-G,3,Male,SEBC,Hindu,AHMEDABAD,27000,HSC,74.53,2023-24,G.H.S.E.B,COMMERCE,0,dropout_mid,Churn,0,Active
23BCA53212,SVICS-G,3,Female,OPEN,Hindu,AHMEDABAD,27000,HSC,49.29,2023-24,G.H.S.E.B,COMMERCE,0,dropout_mid,Churn,0,Active
23BCA53140,SVICS-G,3,Male,OPEN,Hindu,DEVBHUMI DWARKA,27000,HSC,57.57,2023-24,G.H.S.E.B,COMMERCE,0,dropout_mid,Churn,0,Active
23BCA04530,BPCCS,6,Male,SCST,Hindu,GANDHINAGAR,18000,HSC,66.0,2023-24,G.H.S.E.B,COMMERCE,0,active,Not Churn,0,Active
23BCA53102,SVICS-G,3,Female,OPEN,Hindu,AHMEDABAD,27000,HSC,67.57,2023-24,G.H.S.E.B,COMMERCE,0,dropout_mid,Churn,0,Active
23BCA53080,SVICS-G,3,Female,SEBC,Hindu,GANDHINAGAR,27000,HSC,53.28,2023-24,G.H.S.E.B,COMMERCE,0,dropout_mid,Churn,0,Active
23BCA53081,SVICS-G,3,Female,SEBC,Hindu,GANDHINAGAR,27000,HSC,45.28,2023-24,G.H.S.E.B,COMMERCE,0,dropout_mid,Churn,0,Active
23BCA53084,SVICS-G,3,Male,SEBC,Hindu,AHMEDABAD,27000,HSC,58.57,2023-24,G.H.S.E.B,COMMERCE,0,dropout_mid,Churn,0,Active
23BCA53049,SVICS-G,3,Female,SEBC,Hindu,SURENDRANAGAR,27000,HSC,74.57,2023-24,G.H.S.E.B,COMMERCE,0,dropout_mid,Churn,0,Active
23BCA53075,SVICS-G,3,Male,SEBC,Hindu,AHMEDABAD,27000,HSC,43.0,2023-24,G.H.S.E.B,COMMERCE,0,dropout_mid,Churn,0,Active
23BCA53060,SVICS-G,3,Male,SEBC,Muslim,AHMEDABAD,27000,HSC,46.4,2023-24,G.H.S.E.B,COMMERCE,0,dropout_mid,Churn,0,Active
23BCA53103,SVICS-G,3,Male,OPEN,Hindu,SURENDRANAGAR,27000,HSC,79.4,2023-24,G.H.S.E.B,COMMERCE,0,dropout_mid,Churn,0,Active
23BCA53221,SVICS-G,3,Male,OPEN,Hindu,SURENDRANAGAR,27000,HSC,74.71,2023-24,G.H.S.E.B,COMMERCE,0,dropout_mid,Churn,0,Active
23BCA53085,SVICS-G,3,Female,SEBC,Hindu,GANDHINAGAR,27000,HSC,61.57,2023-24,G.H.S.E.B,ARTS,0,dropout_mid,Churn,0,Active
23BCA53155,SVICS-G,3,Female,OPEN,Hindu,AHMEDABAD,27000,HSC,61.14,2023-24,G.H.S.E.B,ARTS,0,dropout_mid,Churn,0,Active
23BCA53095,SVICS-G,3,Female,OPEN,Hindu,GANDHINAGAR,27000,HSC,61.57,2023-24,G.H.S.E.B,COMMERCE,0,dropout_mid,Churn,0,Active
23BCA53171,SVICS-G,3,Female,SCST,Hindu,GANDHINAGAR,27000,HSC,81.6,2023-24,CBSE,ARTS,0,dropout_mid,Churn,0,Active
23BCA53216,SVICS-G,3,Male,SEBC,Hindu,AHMEDABAD,27000,HSC,74.66,2023-24,G.H.S.E.B,COMMERCE,0,dropout_mid,Churn,0,Active
23BCA53078,SVICS-G,3,Female,OPEN,Hindu,GANDHINAGAR,27000,HSC,72.0,2023-24,G.H.S.E.B,COMMERCE,0,dropout_mid,Churn,0,Active
23BCA53044,SVICS-G,3,Male,OPEN,Hindu,BANASKANTHA,27000,HSC,55.6,2023-24,G.H.S.E.B,ARTS,0,dropout_mid,Churn,0,Active
23BCA53169,SVICS-G,3,Male,SEBC,Hindu,AMRELI,27000,HSC,76.29,2023-24,G.H.S.E.B,COMMERCE,0,dropout_mid,Churn,0,Active
23BCA53067,SVICS-G,3,Male,SEBC,Hindu,AMRELI,27000,HSC,75.57,2023-24,G.H.S.E.B,COMMERCE,0,dropout_mid,Churn,0,Active
23BCA53196,SVICS-G,3,Male,OPEN,Hindu,BANASKANTHA,27000,HSC,56.0,2023-24,G.H.S.E.B,COMMERCE,0,dropout_mid,Churn,0,Active
23BCA53029,SVICS-G,3,Female,SEBC,Hindu,AHMEDABAD,27000,HSC,56.29,2023-24,G.H.S.E.B,COMMERCE,0,dropout_mid,Churn,0,Active
23BCA53163,SVICS-G,3,Male,SEBC,Hindu,AHMEDABAD,27000,HSC,69.06,2023-24,G.H.S.E.B,COMMERCE,0,dropout_mid,Churn,0,Active
23BCA53073,SVICS-G,3,Male,SEBC,Hindu,AHMEDABAD,27000,HSC,74.0,2023-24,G.H.S.E.B,COMMERCE,0,dropout_mid,Churn,0,Active
23BCA53237,SVICS-G,3,Female,SEBC,Hindu,AMRELI,27000,HSC,82.43,2023-24,G.H.S.E.B,COMMERCE,0,dropout_mid,Churn,0,Active
23BCA53072,SVICS-G,3,Male,SEBC,Hindu,AHMEDABAD,27000,HSC,55.0,2023-24,G.H.S.E.B,COMMERCE,0,dropout_mid,Churn,0,Active
23BCA53172,SVICS-G,3,Male,OPEN,Hindu,GIR SOMNATH,27000,HSC,75.28,2023-24,G.H.S.E.B,COMMERCE,0,dropout_mid,Churn,0,Active
23BCA53077,SVICS-G,3,Female,SEBC,Hindu,GANDHINAGAR,27000,HSC,53.71,2023-24,G.H.S.E.B,COMMERCE,0,dropout_mid,Churn,0,Active
23BCA53089,SVICS-G,3,Male,SCST,Hindu,GANDHINAGAR,27000,HSC,55.28,2022-23,G.H.S.E.B,ARTS,0,dropout_mid,Churn,0,Active
23BCA53026,SVICS-G,3,Female,OPEN,Hindu,GANDHINAGAR,27000,HSC,71.21,2023-24,G.H.S.E.B,COMMERCE,0,dropout_mid,Churn,0,Active
23BCA53207,SVICS-G,3,Female,OPEN,Hindu,AHMEDABAD,27000,HSC,86.42,2023-24,G.H.S.E.B,COMMERCE,0,dropout_mid,Churn,0,Active
23BCA53134,SVICS-G,3,Male,OBC,Hindu,AHMEDABAD,27000,HSC,56.85,2023-24,G.H.S.E.B,COMMERCE,0,dropout_mid,Churn,0,Active
23BCA53213,SVICS-G,3,Female,OPEN,Hindu,SABARKANTHA,27000,HSC,55.86,2023-24,G.H.S.E.B,COMMERCE,0,dropout_mid,Churn,0,Active
23BCA53208,SVICS-G,3,Female,OPEN,Hindu,MORBI,27000,HSC,77.71,2023-24,G.H.S.E.B,COMMERCE,0,dropout_mid,Churn,0,Active
23BCA53032,SVICS-G,3,Female,SEBC,Hindu,GANDHINAGAR,27000,HSC,66.42,2023-24,G.H.S.E.B,SCIENCE,0,dropout_mid,Churn,0,Active
23BCA53083,SVICS-G,3,Female,SCST,Hindu,AHMEDABAD,27000,HSC,56.0,2023-24,G.H.S.E.B,COMMERCE,0,dropout_mid,Churn,0,Active
23BCA53110,SVICS-G,3,Female,OPEN,Hindu,AHMEDABAD,27000,HSC,72.66,2023-24,G.H.S.E.B,COMMERCE,0,dropout_mid,Churn,0,Active
23BCA53033,SVICS-G,3,Male,OPEN,Hindu,GANDHINAGAR,27000,HSC,50.13,2023-24,GSEB,COMMERCE,0,dropout_mid,Churn,0,Active
23BCA53215,SVICS-G,3,Male,OPEN,Hindu,KUTCH,27000,HSC,61.0,2023-24,G.H.S.E.B,COMMERCE,0,dropout_mid,Churn,0,Active
23BCA53002,SVICS-G,3,Male,OPEN,Hindu,AMRELI,27000,HSC,60.71,2023-24,G.H.S.E.B,COMMERCE,0,dropout_mid,Churn,0,Active
23BCA53038,SVICS-G,3,Female,SEBC,Hindu,AHMEDABAD,27000,HSC,53.46,2023-24,G.H.S.E.B,COMMERCE,0,dropout_mid,Churn,0,Active
23BCA53031,SVICS-G,3,Female,SEBC,Hindu,GANDHINAGAR,27000,HSC,74.71,2023-24,G.H.S.E.B,COMMERCE,0,dropout_mid,Churn,0,Active
23BCA53182,SVICS-G,3,Male,OBC,Hindu,AHMEDABAD,27000,HSC,50.14,2023-24,G.H.S.E.B,COMMERCE,0,dropout_mid,Churn,0,Active
23BCA53015,SVICS-G,3,Male,SEBC,Hindu,AHMEDABAD,27000,HSC,68.93,2023-24,G.H.S.E.B,COMMERCE,0,dropout_mid,Churn,0,Active
23BCA53185,SVICS-G,3,Male,OPEN,Hindu,AHMEDABAD,27000,HSC,50.27,2023-24,G.H.S.E.B,COMMERCE,0,dropout_mid,Churn,0,Active
23BCA53192,SVICS-G,3,Male,SEBC,Hindu,SURENDRANAGAR,27000,HSC,72.57,2023-24,G.H.S.E.B,COMMERCE,0,dropout_mid,Churn,0,Active
23BCA53119,SVICS-G,3,Male,OPEN,Hindu,AHMEDABAD,27000,HSC,58.42,2023-24,G.H.S.E.B,COMMERCE,0,dropout_mid,Churn,0,Active
23BCA53066,SVICS-G,3,Female,OPEN,Muslim,HIMMATNAGAR,27000,HSC,59.42,2023-24,G.H.S.E.B,ARTS,0,dropout_mid,Churn,0,Active
23BCA53055,SVICS-G,3,Male,SEBC,Hindu,AHMEDABAD,27000,HSC,68.0,2023-24,G.H.S.E.B,COMMERCE,0,dropout_mid,Churn,0,Active
23BCA53174,SVICS-G,3,Female,OPEN,Hindu,AHMEDABAD,27000,HSC,65.42,2023-24,G.H.S.E.B,COMMERCE,0,dropout_mid,Churn,0,Active
23BCA53161,SVICS-G,3,Male,OBC,Hindu,GANDHINAGAR,27000,HSC,72.85,2023-24,G.H.S.E.B,ARTS,0,dropout_mid,Churn,0,Active
23BCA53164,SVICS-G,3,Male,OBC,Hindu,GANDHINAGAR,27000,HSC,72.0,2023-24,G.H.S.E.B,COMMERCE,0,dropout_mid,Churn,0,Active
23BCA53239,SVICS-G,3,Male,OBC,Hindu,GANDHINAGAR,27000,HSC,81.0,2023-24,G.H.S.E.B,COMMERCE,0,dropout_mid,Churn,0,Active
23BCA53123,SVICS-G,3,Female,OPEN,Hindu,AHMEDABAD,27000,HSC,69.74,2023-24,G.H.S.E.B,COMMERCE,0,dropout_mid,Churn,0,Active
23BCA04042,BPCCS,6,Male,SEBC,Hindu,AHMEDABAD,18000,HSC,57.71,2023-24,G.H.S.E.B,COMMERCE,0,active,Not Churn,0,Active
23BCA53173,SVICS-G,3,Male,OPEN,Hindu,AHMEDABAD,27000,HSC,78.8,2022-23,G.H.S.E.B,COMMERCE,0,dropout_mid,Churn,0,Active
23BCA53235,SVICS-G,3,Male,SCST,Hindu,GANDHINAGAR,27000,HSC,45.42,2023-24,G.H.S.E.B,COMMERCE,0,dropout_mid,Churn,0,Active
23BCA53211,SVICS-G,3,Male,SCST,Hindu,GANDHINAGAR,27000,HSC,43.46,2023-24,G.H.S.E.B,COMMERCE,0,dropout_mid,Churn,0,Active
23BCA53048,SVICS-G,3,Male,SEBC,Hindu,MORBI,27000,HSC,66.66,2023-24,G.H.S.E.B,COMMERCE,0,dropout_mid,Churn,0,Active
23BCA53076,SVICS-G,3,Male,SEBC,Hindu,AHMEDABAD,27000,HSC,78.71,2023-24,G.H.S.E.B,COMMERCE,0,dropout_mid,Churn,0,Active
23BCA53205,SVICS-G,3,Male,OPEN,Hindu,SABARKANTHA,27000,HSC,61.57,2023-24,G.H.S.E.B,COMMERCE,0,dropout_mid,Churn,0,Active
23BCA53190,SVICS-G,3,Male,OPEN,Hindu,ANAND,27000,HSC,57.8,2023-24,G.H.S.E.B,COMMERCE,0,dropout_mid,Churn,0,Active
23BCA53065,SVICS-G,3,Male,OBC,Hindu,BOTAD,27000,HSC,42.85,2023-24,G.H.S.E.B,COMMERCE,0,dropout_mid,Churn,0,Active
23BCA53184,SVICS-G,3,Male,OBC,Hindu,AHMEDABAD,27000,HSC,42.43,2023-24,G.H.S.E.B,COMMERCE,0,dropout_mid,Churn,0,Active
23BCA53125,SVICS-G,3,Male,OPEN,Hindu,AHMEDABAD,27000,HSC,54.53,2023-24,G.H.S.E.B,COMMERCE,0,dropout_mid,Churn,0,Active
23BCA53231,SVICS-G,3,Male,OPEN,Hindu,AHMEDABAD,27000,HSC,55.73,2022-23,G.H.S.E.B,COMMERCE,0,dropout_mid,Churn,0,Active
23BCA53233,SVICS-G,3,Male,OBC,Hindu,AHMEDABAD,27000,HSC,43.0,2023-24,G.H.S.E.B,ARTS,0,dropout_mid,Churn,0,Active
23BCA53151,SVICS-G,3,Male,OPEN,Hindu,AHMEDABAD,27000,HSC,86.67,2023-24,G.H.S.E.B,COMMERCE,0,dropout_mid,Churn,0,Active
23BCA53199,SVICS-G,3,Female,OBC,Muslim,GANDHINAGAR,27000,HSC,58.13,2023-24,G.H.S.E.B,COMMERCE,0,dropout_mid,Churn,0,Active
23BCA53061,SVICS-G,3,Male,OPEN,Hindu,AHMEDABAD,27000,HSC,41.46,2023-24,G.H.S.E.B,COMMERCE,0,dropout_mid,Churn,0,Active
23BCA53210,SVICS-G,3,Male,OPEN,Hindu,GANDHINAGAR,27000,HSC,87.0,2023-24,G.H.S.E.B,COMMERCE,0,dropout_mid,Churn,0,Active
23BCA53206,SVICS-G,3,Male,OPEN,Hindu,GANDHINAGAR,27000,HSC,78.28,2023-24,G.H.S.E.B,COMMERCE,0,dropout_mid,Churn,0,Active
23BCA53091,SVICS-G,3,Male,OPEN,Hindu,AHMEDABAD,27000,HSC,57.14,2023-24,G.H.S.E.B,COMMERCE,0,dropout_mid,Churn,0,Active
23BCA53191,SVICS-G,3,Male,OPEN,Hindu,KUTCH,27000,HSC,59.28,2023-24,G.H.S.E.B,COMMERCE,0,dropout_mid,Churn,0,Active
23BCA53139,SVICS-G,3,Male,OPEN,Christian,GANDHINAGAR,27000,HSC,74.0,2022-23,G.H.S.E.B,COMMERCE,0,dropout_mid,Churn,0,Active
23BCA53133,SVICS-G,3,Male,OPEN,Hindu,AHMEDABAD,27000,HSC,38.0,2023-24,G.H.S.E.B,COMMERCE,0,dropout_mid,Churn,0,Active
23BCA04143,BPCCS,6,Male,OPEN,Hindu,SURAT,18000,HSC,67.57,2023-24,G.H.S.E.B,COMMERCE,0,active,Not Churn,0,Active
23BCA53121,SVICS-G,3,Male,OPEN,Hindu,MEHSANA,27000,HSC,51.84,2023-24,G.H.S.E.B,SCIENCE,0,dropout_mid,Churn,0,Active
23BCA04540,BPCCS,6,Male,OPEN,Hindu,AHMEDABAD,18000,HSC,48.0,2023-24,G.H.S.E.B,COMMERCE,0,active,Not Churn,0,Active
23BCA04188,BPCCS,6,Female,OBC,Hindu,AHMEDABAD,18000,HSC,63.85,2023-24,G.H.S.E.B,COMMERCE,0,active,Not Churn,0,Active
26BCA45001,BPCCS,6,Male,SCST,Hindu,GANDHINAGAR,18000,SSC,50.2,2021-22,GSEB,COMMERCE,0,active,Not Churn,0,Active
26BCA45002,BPCCS,6,Male,OPEN,Hindu,ARVALLI,18000,HSC,69.1,2023-24,G.H.S.E.B,COMMERCE,0,active,Not Churn,0,Active
26BCA45003,BPCCS,4,Male,OPEN,Hindu,AHMEDABAD,18000,HSC,39.8,2023-24,G.H.S.E.B,COMMERCE,0,active,Not Churn,0,Active
26BCA45004,BPCCS,6,Female,OPEN,Hindu,GANDHINAGAR,18000,HSC,62.3,2023-24,G.H.S.E.B,COMMERCE,0,active,Not Churn,0,Active
26BCA45005,BPCCS,6,Male,OPEN,Hindu,GANDHINAGAR,18000,HSC,73.2,2023-24,G.H.S.E.B,COMMERCE,0,active,Not Churn,0,Active
26BCA45006,BPCCS,6,Female,SCST,Hindu,AHMEDABAD,18000,HSC,55.9,2023-24,G.H.S.E.B,COMMERCE,0,active,Not Churn,0,Active
26BCA45007,BPCCS,3,Male,SEBC,Hindu,GANDHINAGAR,18000,HSC,54.4,2023-24,G.H.S.E.B,COMMERCE,0,active,Not Churn,0,Active
26BCA45008,BPCCS,6,Female,OPEN,Hindu,MEHSANA,18000,HSC,60.8,2023-24,G.H.S.E.B,COMMERCE,0,active,Not Churn,0,Active
26BCA45009,BPCCS,6,Female,OBC,Hindu,GANDHINAGAR,18000,HSC,58.3,2023-24,G.H.S.E.B,COMMERCE,0,active,Not Churn,0,Active
26BCA45010,BPCCS,6,Male,SEBC,Hindu,MEHSANA,18000,HSC,50.6,2023-24,G.H.S.E.B,COMMERCE,0,active,Not Churn,0,Active
26BCA45011,BPCCS,6,Male,SCST,Hindu,GANDHINAGAR,18000,HSC,74.4,2023-24,G.H.S.E.B,COMMERCE,0,active,Not Churn,0,Active
26BCA45012,BPCCS,6,Female,OPEN,Hindu,GANDHINAGAR,18000,HSC,57.4,2023-24,G.H.S.E.B,COMMERCE,0,active,Not Churn,0,Active
26BCA45013,BPCCS,6,Female,SEBC,Hindu,SURENDRANAGAR,18000,HSC,55.8,2023-24,G.H.S.E.B,COMMERCE,0,active,Not Churn,0,Active
26BCA45014,BPCCS,6,Female,SEBC,Hindu,GANDHINAGAR,18000,HSC,66.2,2023-24,G.H.S.E.B,COMMERCE,0,active,Not Churn,0,Active
26BCA45015,BPCCS,6,Female,SEBC,Hindu,ARVALLI,18000,HSC,81.4,2022-23,G.H.S.E.B,COMMERCE,0,active,Not Churn,0,Active
26BCA45016,BPCCS,6,Female,OPEN,Hindu,AHMEDABAD,18000,HSC,48.6,2023-24,G.H.S.E.B,COMMERCE,0,active,Not Churn,0,Active
26BCA45017,BPCCS,6,Male,OPEN,Hindu,BANASKANTHA,18000,HSC,77.1,2023-24,G.H.S.E.B,COMMERCE,0,active,Not Churn,0,Active
26BCA45018,BPCCS,6,Female,OBC,Hindu,GANDHINAGAR,18000,HSC,67.9,2023-24,G.H.S.E.B,COMMERCE,0,active,Not Churn,0,Active
26BCA45019,BPCCS,6,Male,OBC,Hindu,BANASKANTHA,18000,HSC,57.3,2023-24,G.H.S.E.B,COMMERCE,0,active,Not Churn,0,Active
26BCA45020,BPCCS,6,Male,OPEN,Muslim,MORBI,18000,HSC,61.5,2023-24,G.H.S.E.B,COMMERCE,0,active,Not Churn,0,Active
26BCA45021,BPCCS,6,Male,OPEN,Hindu,DUNGARPUR,18000,HSC,80.3,2023-24,G.H.S.E.B,SCIENCE,0,active,Not Churn,0,Active
26BCA45022,BPCCS,6,Female,OPEN,Hindu,GANDHINAGAR,18000,HSC,71.1,2023-24,G.H.S.E.B,COMMERCE,0,active,Not Churn,0,Active
26BCA45023,BPCCS,6,Male,OPEN,Hindu,GANDHINAGAR,18000,HSC,49.0,2023-24,G.H.S.E.B,SCIENCE,0,active,Not Churn,0,Active
26BCA45024,BPCCS,6,Female,OPEN,Hindu,KHEDA,18000,HSC,65.0,2023-24,G.H.S.E.B,COMMERCE,0,active,Not Churn,0,Active
26BCA45025,BPCCS,2,Male,OBC,Hindu,GANDHINAGAR,18000,HSC,55.6,2023-24,G.H.S.E.B,ARTS,0,active,Not Churn,0,Active
26BCA45026,BPCCS,6,Female,OPEN,Hindu,GANDHINAGAR,18000,HSC,64.9,2023-24,G.H.S.E.B,COMMERCE,0,active,Not Churn,0,Active
26BCA45027,BPCCS,6,Male,OPEN,Hindu,JAMNAGAR,18000,HSC,76.9,2023-24,G.H.S.E.B,COMMERCE,0,active,Not Churn,0,Active
26BCA45028,BPCCS,6,Female,OPEN,Hindu,GANDHINAGAR,18000,HSC,72.5,2023-24,G.H.S.E.B,COMMERCE,0,active,Not Churn,0,Active
26BCA45029,BPCCS,6,Female,SCST,Hindu,GANDHINAGAR,18000,HSC,63.6,2023-24,G.H.S.E.B,COMMERCE,0,active,Not Churn,0,Active
26BCA45030,BPCCS,6,Male,OPEN,Hindu,AHMEDABAD,18000,HSC,38.8,2023-24,G.H.S.E.B,COMMERCE,0,active,Not Churn,0,Active
26BCA45031,BPCCS,6,Male,OPEN,Hindu,GANDHINAGAR,18000,HSC,58.8,2023-24,G.H.S.E.B,COMMERCE,0,active,Not Churn,0,Active
26BCA45032,BPCCS,6,Male,OPEN,Muslim,BHAVNAGAR,18000,HSC,72.0,2023-24,G.H.S.E.B,COMMERCE,0,active,Not Churn,0,Active
26BCA45033,BPCCS,6,Female,OPEN,Hindu,GANDHINAGAR,18000,HSC,64.2,2023-24,G.H.S.E.B,COMMERCE,0,active,Not Churn,0,Active
26BCA45034,BPCCS,6,Male,OPEN,Hindu,JUNAGADH,18000,HSC,66.4,2023-24,G.H.S.E.B,COMMERCE,0,active,Not Churn,0,Active
26BCA45035,BPCCS,6,Male,OPEN,Hindu,AHMEDABAD,18000,HSC,57.3,2023-24,G.H.S.E.B,COMMERCE,0,active,Not Churn,0,Active
26BCA45036,BPCCS,4,Female,OPEN,Hindu,GANDHINAGAR,18000,HSC,40.8,2023-24,G.H.S.E.B,COMMERCE,0,active,Not Churn,0,Active
26BCA45037,BPCCS,6,Male,SEBC,Hindu,SURENDRANAGAR,18000,HSC,74.0,2023-24,G.H.S.E.B,COMMERCE,0,active,Not Churn,0,Active
26BCA45038,BPCCS,6,Female,OPEN,Hindu,GANDHINAGAR,18000,HSC,64.1,2023-24,G.H.S.E.B,COMMERCE,0,active,Not Churn,0,Active
26BCA45039,BPCCS,6,Male,SEBC,Muslim,GANDHINAGAR,18000,HSC,49.6,2023-24,G.H.S.E.B,COMMERCE,0,active,Not Churn,0,Active
26BCA45040,BPCCS,6,Female,OPEN,Hindu,GANDHINAGAR,18000,HSC,65.1,2023-24,G.H.S.E.B,COMMERCE,0,active,Not Churn,0,Active
26BCA45041,BPCCS,6,Female,OPEN,Hindu,AHMEDABAD,18000,HSC,44.2,2023-24,G.H.S.E.B,COMMERCE,0,active,Not Churn,0,Active
26BCA45042,BPCCS,4,Male,OPEN,Hindu,GANDHINAGAR,18000,HSC,56.8,2023-24,G.H.S.E.B,ARTS,0,active,Not Churn,0,Active
26BCA45043,BPCCS,6,Male,OPEN,Hindu,GANDHINAGAR,18000,HSC,51.1,2023-24,G.H.S.E.B,COMMERCE,0,active,Not Churn,0,Active
26BCA45044,BPCCS,6,Female,SEBC,Hindu,GANDHINAGAR,18000,HSC,67.7,2023-24,G.H.S.E.B,COMMERCE,0,active,Not Churn,0,Active
26BCA45045,BPCCS,6,Male,OPEN,Hindu,GANDHINAGAR,18000,HSC,68.3,2023-24,G.H.S.E.B,COMMERCE,0,active,Not Churn,0,Active
26BCA45046,BPCCS,5,Male,SEBC,Hindu,AHMEDABAD,18000,HSC,43.8,2023-24,G.H.S.E.B,COMMERCE,0,active,Not Churn,0,Active
26BCA45047,BPCCS,6,Female,OPEN,Hindu,JAMNAGAR,18000,HSC,45.0,2023-24,G.H.S.E.B,COMMERCE,0,active,Not Churn,0,Active
26BCA45048,BPCCS,6,Male,OBC,Hindu,AHMEDABAD,18000,HSC,47.2,2023-24,G.H.S.E.B,COMMERCE,0,active,Not Churn,0,Active
26BCA45049,BPCCS,6,Male,SEBC,Hindu,BANASKANTHA,18000,HSC,59.9,2022-23,G.H.S.E.B,SCIENCE,0,active,Not Churn,0,Active
26BCA45050,BPCCS,6,Female,OPEN,Hindu,AHMEDABAD,18000,HSC,76.6,2022-23,G.H.S.E.B,COMMERCE,0,active,Not Churn,0,Active
26BCA45051,BPCCS,6,Male,SEBC,Hindu,AHMEDABAD,18000,HSC,62.8,2023-24,G.H.S.E.B,COMMERCE,0,active,Not Churn,0,Active
26BCA45052,BPCCS,6,Male,SCST,Hindu,AHMEDABAD,18000,HSC,53.9,2023-24,G.H.S.E.B,COMMERCE,0,active,Not Churn,0,Active
26BCA45053,BPCCS,6,Female,OPEN,Hindu,GANDHINAGAR,18000,HSC,75.4,2023-24,G.H.S.E.B,COMMERCE,0,active,Not Churn,0,Active
26BCA45054,BPCCS,6,Male,OPEN,Hindu,GANDHINAGAR,18000,HSC,40.2,2023-24,G.H.S.E.B,COMMERCE,0,active,Not Churn,0,Active
26BCA45055,BPCCS,6,Male,OPEN,Hindu,KUTCH,18000,HSC,51.7,2023-24,G.H.S.E.B,COMMERCE,0,active,Not Churn,0,Active
26BCA45056,BPCCS,6,Male,SCST,Hindu,GANDHINAGAR,18000,HSC,48.0,2022-23,G.H.S.E.B,ARTS,0,active,Not Churn,0,Active
26BCA45057,BPCCS,6,Female,SEBC,Hindu,MEHSANA,18000,HSC,83.1,2023-24,G.H.S.E.B,COMMERCE,0,active,Not Churn,0,Active
26BCA45058,BPCCS,6,Female,OPEN,Hindu,GANDHINAGAR,18000,HSC,50.2,2023-24,G.H.S.E.B,COMMERCE,0,active,Not Churn,0,Active
26BCA45059,BPCCS,6,Female,OPEN,Hindu,GANDHINAGAR,18000,HSC,55.6,2023-24,G.H.S.E.B,COMMERCE,0,active,Not Churn,0,Active
26BCA45060,BPCCS,6,Male,SEBC,Hindu,GANDHINAGAR,18000,HSC,45.6,2023-24,G.H.S.E.B,COMMERCE,0,active,Not Churn,0,Active
26BCA45061,BPCCS,6,Female,OPEN,Hindu,GANDHINAGAR,18000,HSC,69.9,2023-24,G.H.S.E.B,COMMERCE,0,active,Not Churn,0,Active
26BCA45062,BPCCS,6,Male,OPEN,Hindu,GANDHINAGAR,18000,HSC,51.7,2023-24,G.H.S.E.B,COMMERCE,0,active,Not Churn,0,Active
26BCA45063,BPCCS,6,Female,OPEN,Hindu,AHMEDABAD,18000,HSC,48.9,2023-24,G.H.S.E.B,COMMERCE,0,active,Not Churn,0,Active
26BCA45064,BPCCS,6,Female,OBC,Hindu,GANDHINAGAR,18000,HSC,53.0,2023-24,G.H.S.E.B,COMMERCE,0,active,Not Churn,0,Active
26BCA45065,BPCCS,6,Male,SEBC,Hindu,GANDHINAGAR,18000,HSC,55.6,2023-24,G.H.S.E.B,COMMERCE,0,active,Not Churn,0,Active
26BCA45066,BPCCS,6,Male,OPEN,Hindu,GANDHINAGAR,18000,HSC,56.7,2023-24,G.H.S.E.B,COMMERCE,0,active,Not Churn,0,Active
26BCA45067,BPCCS,6,Female,SEBC,Hindu,AHMEDABAD,18000,HSC,72.9,2023-24,G.H.S.E.B,ARTS,0,active,Not Churn,0,Active
26BCA45068,BPCCS,6,Female,OPEN,Hindu,AHMEDABAD,18000,HSC,49.5,2023-24,G.H.S.E.B,COMMERCE,0,active,Not Churn,0,Active
26BCA45069,BPCCS,6,Female,OPEN,Hindu,GANDHINAGAR,18000,HSC,59.2,2023-24,G.H.S.E.B,COMMERCE,0,active,Not Churn,0,Active
26BCA45070,BPCCS,6,Male,OBC,Hindu,SURENDRANAGAR,18000,HSC,52.8,2021-22,G.H.S.E.B,COMMERCE,0,active,Not Churn,0,Active
26BCA45071,BPCCS,6,Female,OBC,Muslim,GANDHINAGAR,18000,HSC,61.9,2023-24,G.H.S.E.B,COMMERCE,0,active,Not Churn,0,Active
26BCA45072,BPCCS,6,Male,OPEN,Hindu,GANDHINAGAR,18000,HSC,68.2,2023-24,G.H.S.E.B,COMMERCE,0,active,Not Churn,0,Active
26BCA45073,BPCCS,6,Female,OBC,Hindu,AHMEDABAD,18000,HSC,50.2,2023-24,G.H.S.E.B,COMMERCE,0,active,Not Churn,0,Active
26BCA45074,BPCCS,6,Female,OPEN,Hindu,RAJKOT,18000,HSC,82.4,2023-24,G.H.S.E.B,COMMERCE,0,active,Not Churn,0,Active
26BCA45075,BPCCS,6,Male,OPEN,Hindu,JAMNAGAR,18000,HSC,75.9,2023-24,G.H.S.E.B,COMMERCE,0,active,Not Churn,0,Active
26BCA45076,BPCCS,6,Male,OPEN,Hindu,DUNGARPUR,18000,HSC,79.0,2023-24,G.H.S.E.B,SCIENCE,0,active,Not Churn,0,Active
26BCA45077,BPCCS,6,Female,SEBC,Hindu,SURENDRANAGAR,18000,HSC,68.3,2023-24,G.H.S.E.B,COMMERCE,0,active,Not Churn,0,Active
26BCA45078,BPCCS,6,Male,OPEN,Muslim,MORBI,18000,HSC,71.9,2023-24,G.H.S.E.B,COMMERCE,0,active,Not Churn,0,Active
26BCA45079,BPCCS,6,Male,OPEN,Hindu,SURAT,18000,HSC,68.1,2023-24,G.H.S.E.B,COMMERCE,0,active,Not Churn,0,Active
26BCA45080,BPCCS,6,Male,OPEN,Hindu,GANDHINAGAR,18000,HSC,57.2,2023-24,G.H.S.E.B,COMMERCE,0,active,Not Churn,0,Active
26BCA45081,BPCCS,6,Male,OBC,Hindu,GANDHINAGAR,18000,HSC,57.6,2023-24,CBSE,SCIENCE,0,active,Not Churn,0,Active
26BCA45082,BPCCS,4,Male,OPEN,Hindu,GANDHINAGAR,18000,HSC,56.1,2023-24,G.H.S.E.B,ARTS,0,active,Not Churn,0,Active
26BCA45083,BPCCS,5,Male,OPEN,Hindu,GANDHINAGAR,18000,HSC,32.4,2023-24,G.H.S.E.B,COMMERCE,0,active,Not Churn,0,Active
26BCA45084,BPCCS,6,Female,OPEN,Hindu,SURENDRANAGAR,18000,HSC,81.6,2023-24,G.H.S.E.B,COMMERCE,0,active,Not Churn,0,Active
26BCA45085,BPCCS,6,Male,OPEN,Hindu,GANDHINAGAR,18000,HSC,63.0,2022-23,CBSE,COMMERCE,0,active,Not Churn,0,Active
26BCA45086,BPCCS,6,Female,OPEN,Hindu,GANDHINAGAR,18000,HSC,37.9,2023-24,G.H.S.E.B,COMMERCE,0,active,Not Churn,0,Active
26BCA45087,BPCCS,6,Male,OPEN,Hindu,SURAT,18000,HSC,68.1,2023-24,G.H.S.E.B,COMMERCE,0,active,Not Churn,0,Active
26BCA45088,BPCCS,6,Male,SCST,Hindu,GANDHINAGAR,18000,HSC,46.7,2022-23,G.H.S.E.B,ARTS,0,active,Not Churn,0,Active
26BCA45089,BPCCS,6,Female,OPEN,Hindu,AHMEDABAD,18000,HSC,67.8,2023-24,G.H.S.E.B,COMMERCE,0,active,Not Churn,0,Active
26BCA45090,BPCCS,6,Female,SCST,Hindu,AHMEDABAD,18000,HSC,56.2,2023-24,G.H.S.E.B,COMMERCE,0,active,Not Churn,0,Active
26BCA45091,BPCCS,6,Male,OBC,Hindu,BANASKANTHA,18000,HSC,59.3,2023-24,G.H.S.E.B,SCIENCE,0,active,Not Churn,0,Active
26BCA45092,BPCCS,6,Male,OPEN,Hindu,ARVALLI,18000,HSC,69.9,2023-24,G.H.S.E.B,ARTS,0,active,Not Churn,0,Active
26BCA45093,BPCCS,6,Male,OPEN,Muslim,MORBI,18000,HSC,75.1,2023-24,G.H.S.E.B,COMMERCE,0,active,Not Churn,0,Active
26BCA45094,BPCCS,6,Female,SCST,Hindu,GANDHINAGAR,18000,HSC,59.3,2023-24,G.H.S.E.B,COMMERCE,0,active,Not Churn,0,Active
26BCA45095,BPCCS,6,Male,OPEN,Hindu,GANDHINAGAR,18000,HSC,53.2,2023-24,G.H.S.E.B,COMMERCE,0,active,Not Churn,0,Active
26BCA45096,BPCCS,2,Male,OPEN,Hindu,GANDHINAGAR,18000,HSC,42.7,2023-24,G.H.S.E.B,COMMERCE,0,active,Not Churn,0,Active
26BCA45097,BPCCS,6,Female,SEBC,Hindu,SURENDRANAGAR,18000,HSC,68.2,2023-24,G.H.S.E.B,COMMERCE,0,active,Not Churn,0,Active
26BCA45098,BPCCS,2,Male,OPEN,Hindu,GANDHINAGAR,18000,HSC,42.8,2023-24,G.H.S.E.B,COMMERCE,0,active,Not Churn,0,Active
26BCA45099,BPCCS,6,Male,SEBC,Hindu,BOTAD,18000,HSC,76.5,2023-24,G.H.S.E.B,COMMERCE,0,active,Not Churn,0,Active
26BCA45100,BPCCS,6,Male,OPEN,Muslim,MORBI,18000,HSC,85.8,2022-23,G.H.S.E.B,COMMERCE,0,active,Not Churn,0,Active
26BCA45101,BPCCS,6,Male,OBC,Hindu,GANDHINAGAR,18000,HSC,57.3,2023-24,G.H.S.E.B,COMMERCE,0,active,Not Churn,0,Active
26BCA45102,BPCCS,6,Female,SEBC,Hindu,MAHISAGAR,18000,HSC,79.8,2023-24,G.H.S.E.B,COMMERCE,0,active,Not Churn,0,Active
26BCA45103,BPCCS,6,Female,OPEN,Hindu,AHMEDABAD,18000,HSC,69.3,2023-24,G.H.S.E.B,COMMERCE,0,active,Not Churn,0,Active
26BCA45104,BPCCS,6,Female,SEBC,Hindu,AHMEDABAD,18000,HSC,65.8,2023-24,G.H.S.E.B,COMMERCE,0,active,Not Churn,0,Active
26BCA45105,BPCCS,6,Female,SEBC,Hindu,AHMEDABAD,18000,HSC,70.7,2023-24,G.H.S.E.B,ARTS,0,active,Not Churn,0,Active
26BCA45106,BPCCS,6,Male,OPEN,Hindu,GANDHINAGAR,18000,HSC,57.6,2023-24,G.H.S.E.B,COMMERCE,0,active,Not Churn,0,Active
26BCA45107,BPCCS,6,Female,OPEN,Muslim,MORBI,18000,HSC,63.7,2022-23,G.H.S.E.B,COMMERCE,0,active,Not Churn,0,Active
26BCA45108,BPCCS,6,Female,OBC,Hindu,GANDHINAGAR,18000,HSC,89.5,2023-24,G.H.S.E.B,ARTS,0,active,Not Churn,0,Active
26BCA45109,BPCCS,6,Female,SCST,Hindu,GANDHINAGAR,18000,HSC,68.5,2023-24,G.H.S.E.B,COMMERCE,0,active,Not Churn,0,Active
26BCA45110,BPCCS,6,Female,OPEN,Hindu,AHMEDABAD,18000,HSC,52.7,2023-24,G.H.S.E.B,COMMERCE,0,active,Not Churn,0,Active
26BCA45111,BPCCS,6,Male,OPEN,Hindu,MEHSANA,18000,HSC,68.7,2023-24,G.H.S.E.B,COMMERCE,0,active,Not Churn,0,Active
26BCA45112,BPCCS,6,Female,SCST,Hindu,AHMEDABAD,18000,HSC,51.5,2023-24,G.H.S.E.B,COMMERCE,0,active,Not Churn,0,Active
26BCA45113,BPCCS,6,Male,SEBC,Hindu,GANDHINAGAR,18000,HSC,63.8,2023-24,G.H.S.E.B,COMMERCE,0,active,Not Churn,0,Active
26BCA45114,BPCCS,6,Female,OPEN,Hindu,SURENDRANAGAR,18000,HSC,80.4,2023-24,G.H.S.E.B,COMMERCE,0,active,Not Churn,0,Active
26BCA45115,BPCCS,6,Male,OPEN,Hindu,AMRELI,18000,HSC,68.7,2023-24,G.H.S.E.B,COMMERCE,0,active,Not Churn,0,Active
26BCA45116,BPCCS,6,Male,OPEN,Hindu,GANDHINAGAR,18000,HSC,57.7,2022-23,G.H.S.E.B,SCIENCE,0,active,Not Churn,0,Active
26BCA45117,BPCCS,6,Female,OPEN,Hindu,KUTCH,18000,HSC,65.2,2023-24,G.H.S.E.B,COMMERCE,0,active,Not Churn,0,Active
26BCA45118,BPCCS,6,Male,SCST,Hindu,GANDHINAGAR,18000,HSC,43.0,2023-24,G.H.S.E.B,COMMERCE,0,active,Not Churn,0,Active
26BCA45119,BPCCS,6,Male,OBC,Hindu,PATAN,18000,HSC,62.9,2022-23,G.H.S.E.B,ARTS,0,active,Not Churn,0,Active
26BCA45120,BPCCS,6,Female,OPEN,Hindu,GANDHINAGAR,18000,HSC,70.5,2023-24,G.H.S.E.B,COMMERCE,0,active,Not Churn,0,Active
26BCA45121,BPCCS,6,Female,OPEN,Hindu,AHMEDABAD,18000,HSC,65.8,2023-24,G.H.S.E.B,COMMERCE,0,active,Not Churn,0,Active
26BCA45122,BPCCS,6,Male,OPEN,Hindu,GANDHINAGAR,18000,HSC,66.3,2023-24,G.H.S.E.B,COMMERCE,0,active,Not Churn,0,Active
26BCA45123,BPCCS,6,Male,OPEN,Hindu,AHMEDABAD,18000,HSC,51.0,2023-24,G.H.S.E.B,COMMERCE,0,active,Not Churn,0,Active
26BCA45124,BPCCS,6,Male,OPEN,Muslim,MORBI,18000,HSC,77.6,2023-24,G.H.S.E.B,COMMERCE,0,active,Not Churn,0,Active
26BCA45125,BPCCS,6,Male,OBC,Hindu,AHMEDABAD,18000,HSC,48.8,2023-24,G.H.S.E.B,COMMERCE,0,active,Not Churn,0,Active
26BCA45126,BPCCS,6,Male,OBC,Hindu,BANASKANTHA,18000,HSC,56.1,2023-24,G.H.S.E.B,COMMERCE,0,active,Not Churn,0,Active
26BCA45127,BPCCS,6,Male,OPEN,Hindu,GANDHINAGAR,18000,HSC,42.4,2023-24,G.H.S.E.B,COMMERCE,0,active,Not Churn,0,Active
26BCA45128,BPCCS,6,Female,OPEN,Hindu,GANDHINAGAR,18000,HSC,39.6,2023-24,G.H.S.E.B,COMMERCE,0,active,Not Churn,0,Active
26BCA45129,BPCCS,6,Female,SEBC,Hindu,BOTAD,18000,HSC,59.8,2023-24,G.H.S.E.B,COMMERCE,0,active,Not Churn,0,Active
26BCA45130,BPCCS,6,Female,SCST,Hindu,GANDHINAGAR,18000,HSC,80.1,2023-24,G.H.S.E.B,COMMERCE,0,active,Not Churn,0,Active
26BCA45131,BPCCS,6,Male,SEBC,Hindu,GANDHINAGAR,18000,HSC,64.8,2023-24,G.H.S.E.B,COMMERCE,0,active,Not Churn,0,Active
26BCA45132,BPCCS,6,Male,SEBC,Hindu,GANDHINAGAR,18000,HSC,57.7,2023-24,G.H.S.E.B,COMMERCE,0,active,Not Churn,0,Active
26BCA45133,BPCCS,6,Female,SCST,Hindu,AHMEDABAD,18000,HSC,54.5,2023-24,G.H.S.E.B,COMMERCE,0,active,Not Churn,0,Active
26BCA45134,BPCCS,6,Female,OPEN,Hindu,RAJKOT,18000,HSC,80.4,2023-24,G.H.S.E.B,COMMERCE,0,active,Not Churn,0,Active
26BCA45135,BPCCS,2,Male,OPEN,Hindu,AHMEDABAD,18000,HSC,48.1,2023-24,G.H.S.E.B,COMMERCE,0,active,Not Churn,0,Active
26BCA45136,BPCCS,6,Male,SEBC,Hindu,GANDHINAGAR,18000,HSC,68.1,2023-24,G.H.S.E.B,COMMERCE,0,active,Not Churn,0,Active
26BCA45137,BPCCS,6,Male,OPEN,Hindu,BOTAD,18000,HSC,58.8,2023-24,G.H.S.E.B,COMMERCE,0,active,Not Churn,0,Active
26BCA45138,BPCCS,6,Female,SEBC,Hindu,SURENDRANAGAR,18000,HSC,90.9,2023-24,G.H.S.E.B,COMMERCE,0,active,Not Churn,0,Active
26BCA45139,BPCCS,6,Female,OPEN,Hindu,GANDHINAGAR,18000,HSC,45.2,2023-24,G.H.S.E.B,COMMERCE,0,active,Not Churn,0,Active
26BCA45140,BPCCS,6,Male,SCST,Hindu,KHEDA,18000,HSC,45.6,2023-24,G.H.S.E.B,COMMERCE,0,active,Not Churn,0,Active
26BCA45141,BPCCS,6,Female,OPEN,Hindu,SURENDRANAGAR,18000,HSC,69.9,2023-24,G.H.S.E.B,COMMERCE,0,active,Not Churn,0,Active
26BCA45142,BPCCS,6,Female,SEBC,Hindu,GANDHINAGAR,18000,HSC,54.6,2023-24,G.H.S.E.B,COMMERCE,0,active,Not Churn,0,Active
26BCA45143,BPCCS,6,Male,OPEN,Hindu,GANDHINAGAR,18000,HSC,57.0,2023-24,G.H.S.E.B,COMMERCE,0,active,Not Churn,0,Active
26BCA45144,BPCCS,6,Female,OPEN,Hindu,GANDHINAGAR,18000,HSC,70.0,2023-24,G.H.S.E.B,COMMERCE,0,active,Not Churn,0,Active
26BCA45145,BPCCS,6,Female,SEBC,Hindu,AHMEDABAD,18000,HSC,65.3,2023-24,G.H.S.E.B,COMMERCE,0,active,Not Churn,0,Active
26BCA45146,BPCCS,6,Female,OPEN,Hindu,AHMEDABAD,18000,HSC,44.1,2023-24,G.H.S.E.B,COMMERCE,0,active,Not Churn,0,Active
26BCA45147,BPCCS,6,Male,SEBC,Hindu,GANDHINAGAR,18000,HSC,66.7,2023-24,G.H.S.E.B,COMMERCE,0,active,Not Churn,0,Active
26BCA45148,BPCCS,6,Male,OPEN,Hindu,DUNGARPUR,18000,HSC,79.0,2023-24,G.H.S.E.B,SCIENCE,0,active,Not Churn,0,Active
26BCA45149,BPCCS,6,Female,SCST,Hindu,AHMEDABAD,18000,HSC,73.7,2023-24,G.H.S.E.B,COMMERCE,0,active,Not Churn,0,Active
26BCA45150,BPCCS,6,Male,OPEN,Hindu,AHMEDABAD,18000,HSC,38.0,2023-24,G.H.S.E.B,COMMERCE,0,active,Not Churn,0,Active
26BCA45151,BPCCS,6,Female,OPEN,Hindu,GANDHINAGAR,18000,HSC,73.4,2023-24,G.H.S.E.B,COMMERCE,0,active,Not Churn,0,Active
26BCA45152,BPCCS,6,Male,OPEN,Hindu,KUTCH,18000,HSC,56.4,2023-24,CBSE,COMMERCE,0,active,Not Churn,0,Active
26BCA45153,BPCCS,6,Female,SEBC,Hindu,AHMEDABAD,18000,HSC,52.8,2023-24,G.H.S.E.B,COMMERCE,0,active,Not Churn,0,Active
26BCA45154,BPCCS,6,Female,OPEN,Hindu,KUTCH,18000,HSC,65.4,2023-24,G.H.S.E.B,COMMERCE,0,active,Not Churn,0,Active
26BCA45155,BPCCS,6,Male,SEBC,Hindu,GANDHINAGAR,18000,HSC,56.2,2023-24,G.H.S.E.B,COMMERCE,0,active,Not Churn,0,Active
26BCA45156,BPCCS,6,Female,OPEN,Muslim,MEHSANA,18000,HSC,68.1,2023-24,G.H.S.E.B,COMMERCE,0,active,Not Churn,0,Active
26BCA45157,BPCCS,6,Female,OBC,Hindu,SURENDRANAGAR,18000,HSC,67.4,2023-24,G.H.S.E.B,ARTS,0,active,Not Churn,0,Active
26BCA45158,BPCCS,5,Male,SEBC,Hindu,AHMEDABAD,18000,HSC,42.1,2023-24,G.H.S.E.B,COMMERCE,0,active,Not Churn,0,Active
26BCA45159,BPCCS,6,Male,OPEN,Muslim,MORBI,18000,HSC,62.2,2023-24,G.H.S.E.B,COMMERCE,0,active,Not Churn,0,Active
26BCA45160,BPCCS,6,Male,SCST,Hindu,GANDHINAGAR,18000,HSC,75.8,2023-24,G.H.S.E.B,COMMERCE,0,active,Not Churn,0,Active
26BCA45161,BPCCS,6,Male,OPEN,Hindu,AHMEDABAD,18000,HSC,45.4,2023-24,G.H.S.E.B,COMMERCE,0,active,Not Churn,0,Active
26BCA45162,BPCCS,6,Male,OPEN,Hindu,GANDHINAGAR,18000,HSC,70.9,2023-24,G.H.S.E.B,COMMERCE,0,active,Not Churn,0,Active
26BCA45163,BPCCS,6,Male,OPEN,Hindu,ARVALLI,18000,HSC,70.4,2023-24,G.H.S.E.B,COMMERCE,0,active,Not Churn,0,Active
26BCA45164,BPCCS,6,Male,OPEN,Hindu,GANDHINAGAR,18000,HSC,62.6,2023-24,G.H.S.E.B,COMMERCE,0,active,Not Churn,0,Active
26BCA45165,BPCCS,6,Male,OPEN,Hindu,MORBI,18000,HSC,53.7,2022-23,G.H.S.E.B,COMMERCE,0,active,Not Churn,0,Active
26BCA45166,BPCCS,6,Male,SCST,Hindu,GANDHINAGAR,18000,HSC,74.7,2023-24,G.H.S.E.B,COMMERCE,0,active,Not Churn,0,Active
26BCA45167,BPCCS,6,Female,OBC,Hindu,GANDHINAGAR,18000,HSC,91.4,2023-24,G.H.S.E.B,ARTS,0,active,Not Churn,0,Active
26BCA45168,BPCCS,6,Male,OPEN,Muslim,MORBI,18000,HSC,75.4,2023-24,G.H.S.E.B,COMMERCE,0,active,Not Churn,0,Active
26BCA45169,BPCCS,6,Female,SEBC,Hindu,AHMEDABAD,18000,HSC,65.2,2023-24,G.H.S.E.B,COMMERCE,0,active,Not Churn,0,Active
26BCA45170,BPCCS,6,Female,OPEN,Hindu,AHMEDABAD,18000,HSC,43.4,2023-24,G.H.S.E.B,COMMERCE,0,active,Not Churn,0,Active
26BCA45171,BPCCS,6,Male,OPEN,Hindu,GANDHINAGAR,18000,HSC,46.5,2023-24,G.H.S.E.B,COMMERCE,0,active,Not Churn,0,Active
26BCA45172,BPCCS,6,Male,OPEN,Hindu,GANDHINAGAR,18000,HSC,44.9,2023-24,G.H.S.E.B,COMMERCE,0,active,Not Churn,0,Active
26BCA45173,BPCCS,6,Male,OPEN,Muslim,GANDHINAGAR,18000,HSC,52.6,2023-24,G.H.S.E.B,ARTS,0,active,Not Churn,0,Active
26BCA45174,BPCCS,6,Male,SCST,Hindu,GANDHINAGAR,18000,HSC,43.5,2023-24,G.H.S.E.B,COMMERCE,0,active,Not Churn,0,Active
26BCA45175,BPCCS,6,Female,OPEN,Hindu,SURENDRANAGAR,18000,HSC,82.9,2023-24,G.H.S.E.B,COMMERCE,0,active,Not Churn,0,Active
26BCA45176,BPCCS,6,Male,OPEN,Hindu,JUNAGADH,18000,HSC,80.2,2023-24,G.H.S.E.B,COMMERCE,0,active,Not Churn,0,Active
26BCA45177,BPCCS,6,Female,SEBC,Hindu,GANDHINAGAR,18000,HSC,56.7,2023-24,G.H.S.E.B,ARTS,0,active,Not Churn,0,Active
26BCA45178,BPCCS,6,Male,OPEN,Hindu,GANDHINAGAR,18000,HSC,58.2,2023-24,G.H.S.E.B,COMMERCE,0,active,Not Churn,0,Active
26BCA45179,BPCCS,5,Male,OBC,Hindu,GANDHINAGAR,18000,HSC,54.1,2023-24,G.H.S.E.B,COMMERCE,0,active,Not Churn,0,Active
26BCA45180,BPCCS,6,Male,OPEN,Hindu,JUNAGADH,18000,HSC,65.3,2023-24,G.H.S.E.B,COMMERCE,0,active,Not Churn,0,Active
26BCA45181,BPCCS,4,Male,OPEN,Hindu,AHMEDABAD,18000,HSC,41.6,2023-24,G.H.S.E.B,COMMERCE,0,active,Not Churn,0,Active
26BCA45182,BPCCS,6,Male,OPEN,Hindu,SURAT,18000,HSC,68.9,2023-24,G.H.S.E.B,COMMERCE,0,active,Not Churn,0,Active
26BCA45183,BPCCS,6,Female,OPEN,Hindu,AHMEDABAD,18000,HSC,76.4,2022-23,G.H.S.E.B,COMMERCE,0,active,Not Churn,0,Active
26BCA45184,BPCCS,6,Female,OPEN,Hindu,GANDHINAGAR,18000,HSC,63.7,2023-24,G.H.S.E.B,COMMERCE,0,active,Not Churn,0,Active
26BCA45185,BPCCS,6,Male,OPEN,Hindu,AHMEDABAD,18000,HSC,57.6,2023-24,G.H.S.E.B,COMMERCE,0,active,Not Churn,0,Active
26BCA45186,BPCCS,6,Male,SCST,Hindu,ARVALLI,18000,HSC,75.1,2023-24,G.H.S.E.B,ARTS,0,active,Not Churn,0,Active
26BCA45187,BPCCS,6,Male,OPEN,Hindu,JUNAGADH,18000,HSC,50.6,2023-24,G.H.S.E.B,COMMERCE,0,active,Not Churn,0,Active
26BCA45188,BPCCS,6,Female,OPEN,Hindu,GANDHINAGAR,18000,HSC,79.4,2023-24,G.H.S.E.B,COMMERCE,0,active,Not Churn,0,Active
26BCA45189,BPCCS,6,Female,OPEN,Hindu,AHMEDABAD,18000,HSC,77.9,2022-23,G.H.S.E.B,COMMERCE,0,active,Not Churn,0,Active
26BCA45190,BPCCS,6,Female,OPEN,Hindu,GANDHINAGAR,18000,HSC,60.5,2023-24,G.H.S.E.B,COMMERCE,0,active,Not Churn,0,Active
26BCA45191,BPCCS,6,Female,SEBC,Hindu,GANDHINAGAR,18000,HSC,67.0,2023-24,G.H.S.E.B,COMMERCE,0,active,Not Churn,0,Active
26BCA45192,BPCCS,6,Female,OPEN,Hindu,GANDHINAGAR,18000,HSC,73.8,2023-24,G.H.S.E.B,COMMERCE,0,active,Not Churn,0,Active
26BCA45193,BPCCS,6,Male,OBC,Hindu,SURENDRANAGAR,18000,HSC,52.8,2021-22,G.H.S.E.B,COMMERCE,0,active,Not Churn,0,Active
26BCA45194,BPCCS,6,Female,OPEN,Hindu,GANDHINAGAR,18000,SSC,86.3,2021-22,GSEB,COMMERCE,0,active,Not Churn,0,Active
26BCA45195,BPCCS,6,Female,SEBC,Hindu,SURENDRANAGAR,18000,HSC,85.8,2023-24,G.H.S.E.B,COMMERCE,0,active,Not Churn,0,Active
26BCA45196,BPCCS,6,Male,OBC,Hindu,GANDHINAGAR,18000,HSC,69.1,2023-24,G.H.S.E.B,COMMERCE,0,active,Not Churn,0,Active
26BCA45197,BPCCS,6,Male,OPEN,Muslim,MORBI,18000,HSC,57.6,2023-24,G.H.S.E.B,COMMERCE,0,active,Not Churn,0,Active
26BCA45198,BPCCS,6,Female,OPEN,Hindu,GANDHINAGAR,18000,HSC,55.8,2023-24,G.H.S.E.B,COMMERCE,0,active,Not Churn,0,Active
26BCA45199,BPCCS,6,Male,SEBC,Hindu,BANASKANTHA,18000,HSC,61.3,2023-24,G.H.S.E.B,COMMERCE,0,active,Not Churn,0,Active
26BCA45200,BPCCS,6,Male,SEBC,Hindu,GANDHINAGAR,18000,HSC,68.3,2023-24,G.H.S.E.B,COMMERCE,0,active,Not Churn,0,Active
26BCA45201,BPCCS,6,Female,SEBC,Hindu,SURENDRANAGAR,18000,HSC,67.7,2023-24,G.H.S.E.B,COMMERCE,0,active,Not Churn,0,Active
26BCA45202,BPCCS,6,Male,OPEN,Hindu,GANDHINAGAR,18000,HSC,78.4,2023-24,G.H.S.E.B,COMMERCE,0,active,Not Churn,0,Active
26BCA45203,BPCCS,6,Female,OPEN,Hindu,GANDHINAGAR,18000,HSC,46.5,2023-24,G.H.S.E.B,COMMERCE,0,active,Not Churn,0,Active
26BCA45204,BPCCS,6,Female,OPEN,Hindu,ANAND,18000,HSC,68.9,2023-24,G.H.S.E.B,COMMERCE,0,active,Not Churn,0,Active
26BCA45205,BPCCS,6,Male,SEBC,Hindu,BOTAD,18000,HSC,76.0,2023-24,G.H.S.E.B,COMMERCE,0,active,Not Churn,0,Active
26BCA45206,BPCCS,6,Female,OPEN,Hindu,ARVALLI,18000,HSC,68.2,2023-24,G.H.S.E.B,COMMERCE,0,active,Not Churn,0,Active
26BCA45207,BPCCS,6,Male,OPEN,Hindu,RAJKOT,18000,HSC,67.7,2023-24,G.H.S.E.B,COMMERCE,0,active,Not Churn,0,Active
26BCA45208,BPCCS,6,Male,OPEN,Hindu,ARVALLI,18000,HSC,69.6,2023-24,G.H.S.E.B,ARTS,0,active,Not Churn,0,Active
26BCA45209,BPCCS,6,Female,OPEN,Hindu,AHMEDABAD,18000,HSC,71.5,2023-24,G.H.S.E.B,COMMERCE,0,active,Not Churn,0,Active
26BCA45210,BPCCS,6,Male,OPEN,Hindu,GANDHINAGAR,18000,HSC,47.9,2023-24,G.H.S.E.B,SCIENCE,0,active,Not Churn,0,Active
26BCA45211,BPCCS,6,Male,OBC,Hindu,ARVALLI,18000,HSC,45.6,2023-24,G.H.S.E.B,ARTS,0,active,Not Churn,0,Active
26BCA45212,BPCCS,6,Female,OPEN,Hindu,GANDHINAGAR,18000,HSC,69.9,2023-24,G.H.S.E.B,COMMERCE,0,active,Not Churn,0,Active
26BCA45213,BPCCS,6,Male,OPEN,Hindu,SURAT,18000,HSC,67.2,2023-24,G.H.S.E.B,COMMERCE,0,active,Not Churn,0,Active
26BCA45214,BPCCS,6,Male,SEBC,Hindu,GANDHINAGAR,18000,HSC,75.5,2023-24,G.H.S.E.B,COMMERCE,0,active,Not Churn,0,Active
26BCA45215,BPCCS,6,Female,OPEN,Hindu,GANDHINAGAR,18000,HSC,70.9,2023-24,G.H.S.E.B,COMMERCE,0,active,Not Churn,0,Active
26BCA45216,BPCCS,6,Male,OPEN,Hindu,GANDHINAGAR,18000,HSC,77.7,2023-24,G.H.S.E.B,COMMERCE,0,active,Not Churn,0,Active
26BCA45217,BPCCS,6,Female,OPEN,Hindu,GANDHINAGAR,18000,HSC,48.8,2023-24,G.H.S.E.B,COMMERCE,0,active,Not Churn,0,Active
26BCA45218,BPCCS,6,Female,SEBC,Hindu,AHMEDABAD,18000,HSC,68.6,2023-24,G.H.S.E.B,COMMERCE,0,active,Not Churn,0,Active
26BCA45219,BPCCS,6,Male,OPEN,Hindu,MORBI,18000,HSC,62.9,2023-24,G.H.S.E.B,COMMERCE,0,active,Not Churn,0,Active
26BCA45220,BPCCS,6,Female,OPEN,Hindu,GANDHINAGAR,18000,HSC,49.9,2023-24,G.H.S.E.B,COMMERCE,0,active,Not Churn,0,Active
26BCA45221,BPCCS,6,Male,OPEN,Muslim,MORBI,18000,HSC,75.8,2023-24,G.H.S.E.B,COMMERCE,0,active,Not Churn,0,Active
26BCA45222,BPCCS,6,Male,OPEN,Hindu,JUNAGADH,18000,HSC,51.0,2023-24,G.H.S.E.B,COMMERCE,0,active,Not Churn,0,Active
26BCA45223,BPCCS,6,Female,SEBC,Hindu,GANDHINAGAR,18000,HSC,74.8,2023-24,G.H.S.E.B,COMMERCE,0,active,Not Churn,0,Active
26BCA45224,BPCCS,6,Female,SEBC,Hindu,SURENDRANAGAR,18000,HSC,68.0,2023-24,G.H.S.E.B,COMMERCE,0,active,Not Churn,0,Active
26BCA45225,BPCCS,5,Male,OPEN,Hindu,AHMEDABAD,18000,HSC,51.3,2023-24,G.H.S.E.B,COMMERCE,0,active,Not Churn,0,Active
26BCA45226,BPCCS,6,Female,OPEN,Hindu,GANDHINAGAR,18000,SSC,89.6,2021-22,GSEB,COMMERCE,0,active,Not Churn,0,Active
26BCA45227,BPCCS,4,Female,OPEN,Hindu,GANDHINAGAR,18000,HSC,40.8,2023-24,G.H.S.E.B,COMMERCE,0,active,Not Churn,0,Active
26BCA45228,BPCCS,6,Male,SEBC,Hindu,GANDHINAGAR,18000,HSC,45.7,2023-24,G.H.S.E.B,COMMERCE,0,active,Not Churn,0,Active
26BCA45229,BPCCS,6,Male,OPEN,Muslim,MORBI,18000,HSC,69.1,2023-24,G.H.S.E.B,COMMERCE,0,active,Not Churn,0,Active
26BCA45230,BPCCS,6,Female,OPEN,Hindu,GANDHINAGAR,18000,HSC,80.4,2023-24,G.H.S.E.B,COMMERCE,0,active,Not Churn,0,Active
26BCA45231,BPCCS,6,Female,SEBC,Hindu,AHMEDABAD,18000,HSC,69.8,2023-24,G.H.S.E.B,COMMERCE,0,active,Not Churn,0,Active
26BCA45232,BPCCS,6,Male,SEBC,Hindu,BOTAD,18000,HSC,78.4,2023-24,G.H.S.E.B,COMMERCE,0,active,Not Churn,0,Active
26BCA45233,BPCCS,6,Female,OPEN,Hindu,AHMEDABAD,18000,HSC,55.4,2023-24,G.H.S.E.B,COMMERCE,0,active,Not Churn,0,Active
26BCA45234,BPCCS,6,Male,OPEN,Hindu,GANDHINAGAR,18000,HSC,59.9,2023-24,G.H.S.E.B,COMMERCE,0,active,Not Churn,0,Active
26BCA45235,BPCCS,6,Female,SEBC,Hindu,AHMEDABAD,18000,HSC,45.4,2023-24,G.H.S.E.B,COMMERCE,0,active,Not Churn,0,Active
26BCA45236,BPCCS,6,Male,SEBC,Muslim,GANDHINAGAR,18000,HSC,64.1,2023-24,G.H.S.E.B,COMMERCE,0,active,Not Churn,0,Active
26BCA45237,BPCCS,6,Male,OPEN,Hindu,AHMEDABAD,18000,HSC,60.0,2023-24,G.H.S.E.B,COMMERCE,0,active,Not Churn,0,Active
26BCA45238,BPCCS,6,Male,OBC,Hindu,BANASKANTHA,18000,HSC,56.9,2023-24,G.H.S.E.B,COMMERCE,0,active,Not Churn,0,Active
26BCA45239,BPCCS,2,Male,OPEN,Hindu,SURENDRANAGAR,18000,HSC,46.1,2023-24,G.H.S.E.B,COMMERCE,0,active,Not Churn,0,Active
26BCA45240,BPCCS,6,Female,OPEN,Hindu,RAJKOT,18000,HSC,77.9,2023-24,G.H.S.E.B,COMMERCE,0,active,Not Churn,0,Active
26BCA45241,BPCCS,6,Male,OPEN,Muslim,MORBI,18000,HSC,74.6,2023-24,G.H.S.E.B,COMMERCE,0,active,Not Churn,0,Active
26BCA45242,BPCCS,6,Male,SEBC,Hindu,BOTAD,18000,HSC,80.2,2023-24,G.H.S.E.B,ARTS,0,active,Not Churn,0,Active
26BCA45243,BPCCS,6,Male,OPEN,Hindu,GANDHINAGAR,18000,HSC,52.0,2022-23,G.H.S.E.B,COMMERCE,0,active,Not Churn,0,Active
26BCA45244,BPCCS,6,Male,SEBC,Hindu,BOTAD,18000,HSC,71.4,2023-24,G.H.S.E.B,COMMERCE,0,active,Not Churn,0,Active
26BCA45245,BPCCS,6,Male,OPEN,Hindu,GANDHINAGAR,18000,HSC,42.7,2021-22,G.H.S.E.B,COMMERCE,0,active,Not Churn,0,Active
26BCA45246,BPCCS,6,Female,OPEN,Hindu,KUTCH,18000,HSC,65.5,2023-24,G.H.S.E.B,COMMERCE,0,active,Not Churn,0,Active
26BCA45247,BPCCS,6,Male,OPEN,Hindu,MEHSANA,18000,HSC,74.5,2023-24,G.H.S.E.B,COMMERCE,0,active,Not Churn,0,Active
26BCA45248,BPCCS,6,Female,OPEN,Hindu,AHMEDABAD,18000,HSC,76.7,2023-24,G.H.S.E.B,COMMERCE,0,active,Not Churn,0,Active
26BCA45249,BPCCS,6,Male,OPEN,Hindu,AHMEDABAD,18000,HSC,42.4,2023-24,G.H.S.E.B,COMMERCE,0,active,Not Churn,0,Active
26BCA45250,BPCCS,6,Male,OPEN,Hindu,GANDHINAGAR,18000,HSC,58.3,2022-23,G.H.S.E.B,COMMERCE,0,active,Not Churn,0,Active
26BCA45251,BPCCS,6,Male,OPEN,Hindu,GANDHINAGAR,18000,HSC,77.8,2023-24,G.H.S.E.B,COMMERCE,0,active,Not Churn,0,Active
26BCA45252,BPCCS,6,Male,OPEN,Hindu,AHMEDABAD,18000,HSC,49.6,2023-24,G.H.S.E.B,COMMERCE,0,active,Not Churn,0,Active
26BCA45253,BPCCS,6,Male,SEBC,Hindu,BANASKANTHA,18000,HSC,60.6,2023-24,G.H.S.E.B,COMMERCE,0,active,Not Churn,0,Active
26BCA45254,BPCCS,6,Male,SEBC,Hindu,GANDHINAGAR,18000,HSC,53.5,2023-24,G.H.S.E.B,COMMERCE,0,active,Not Churn,0,Active
26BCA45255,BPCCS,5,Male,SCST,Hindu,GANDHINAGAR,18000,HSC,48.1,2023-24,G.H.S.E.B,COMMERCE,0,active,Not Churn,0,Active
26BCA45256,BPCCS,6,Female,OPEN,Muslim,MEHSANA,18000,HSC,77.9,2023-24,G.H.S.E.B,COMMERCE,0,active,Not Churn,0,Active
26BCA45257,BPCCS,6,Female,OPEN,Hindu,MEHSANA,18000,HSC,61.7,2023-24,G.H.S.E.B,COMMERCE,0,active,Not Churn,0,Active
26BCA45258,BPCCS,6,Female,OPEN,Hindu,ARVALLI,18000,HSC,73.4,2023-24,G.H.S.E.B,COMMERCE,0,active,Not Churn,0,Active
26BCA45259,BPCCS,6,Female,OBC,Hindu,AHMEDABAD,18000,HSC,49.7,2023-24,G.H.S.E.B,COMMERCE,0,active,Not Churn,0,Active
26BCA45260,BPCCS,6,Male,OPEN,Hindu,GANDHINAGAR,18000,HSC,58.1,2023-24,G.H.S.E.B,COMMERCE,0,active,Not Churn,0,Active
26BCA45261,BPCCS,6,Female,OPEN,Hindu,AHMEDABAD,18000,HSC,65.8,2023-24,G.H.S.E.B,COMMERCE,0,active,Not Churn,0,Active
26BCA45262,BPCCS,6,Male,OPEN,Hindu,PATAN,18000,HSC,65.2,2023-24,G.H.S.E.B,COMMERCE,0,active,Not Churn,0,Active
26BCA45263,BPCCS,6,Female,SEBC,Hindu,AHMEDABAD,18000,HSC,66.6,2023-24,G.H.S.E.B,COMMERCE,0,active,Not Churn,0,Active
26BCA45264,BPCCS,6,Male,OPEN,Muslim,MORBI,18000,HSC,64.5,2023-24,G.H.S.E.B,COMMERCE,0,active,Not Churn,0,Active
26BCA45265,BPCCS,6,Male,SEBC,Hindu,PATAN,18000,HSC,76.5,2023-24,G.H.S.E.B,COMMERCE,0,active,Not Churn,0,Active
26BCA45266,BPCCS,6,Male,SCST,Hindu,GANDHINAGAR,18000,HSC,41.1,2023-24,G.H.S.E.B,COMMERCE,0,active,Not Churn,0,Active
26BCA45267,BPCCS,6,Male,OPEN,Hindu,AHMEDABAD,18000,HSC,41.5,2023-24,G.H.S.E.B,COMMERCE,0,active,Not Churn,0,Active
26BCA45268,BPCCS,6,Male,SEBC,Hindu,GANDHINAGAR,18000,HSC,42.0,2023-24,G.H.S.E.B,ARTS,0,active,Not Churn,0,Active
26BCA45269,BPCCS,6,Male,OBC,Hindu,BANASKANTHA,18000,HSC,56.7,2023-24,G.H.S.E.B,COMMERCE,0,active,Not Churn,0,Active
26BCA45270,BPCCS,6,Male,OPEN,Muslim,MORBI,18000,HSC,84.7,2022-23,G.H.S.E.B,COMMERCE,0,active,Not Churn,0,Active
26BCA45271,BPCCS,6,Male,OBC,Hindu,GANDHINAGAR,18000,HSC,69.9,2023-24,G.H.S.E.B,COMMERCE,0,active,Not Churn,0,Active
26BCA45272,BPCCS,6,Male,OPEN,Hindu,AHMEDABAD,18000,HSC,41.7,2023-24,G.H.S.E.B,COMMERCE,0,active,Not Churn,0,Active
26BCA45273,BPCCS,6,Female,OPEN,Hindu,GANDHINAGAR,18000,HSC,72.2,2023-24,G.H.S.E.B,COMMERCE,0,active,Not Churn,0,Active
26BCA45274,BPCCS,6,Female,SEBC,Hindu,BOTAD,18000,HSC,60.8,2023-24,G.H.S.E.B,COMMERCE,0,active,Not Churn,0,Active
26BCA45275,BPCCS,6,Male,OPEN,Jain,AHMEDABAD,18000,HSC,47.1,2023-24,G.H.S.E.B,COMMERCE,0,active,Not Churn,0,Active
26BCA45276,BPCCS,6,Female,SCST,Hindu,GANDHINAGAR,18000,HSC,53.9,2023-24,G.H.S.E.B,COMMERCE,0,active,Not Churn,0,Active
26BCA45277,BPCCS,6,Male,SEBC,Hindu,GANDHINAGAR,18000,HSC,47.4,2023-24,G.H.S.E.B,COMMERCE,0,active,Not Churn,0,Active
26BCA45278,BPCCS,6,Female,OPEN,Muslim,MEHSANA,18000,HSC,67.2,2023-24,G.H.S.E.B,COMMERCE,0,active,Not Churn,0,Active
26BCA45279,BPCCS,6,Female,SEBC,Hindu,GANDHINAGAR,18000,HSC,53.6,2023-24,G.H.S.E.B,COMMERCE,0,active,Not Churn,0,Active
26BCA45280,BPCCS,6,Male,OPEN,Hindu,AHMEDABAD,18000,HSC,47.9,2023-24,G.H.S.E.B,COMMERCE,0,active,Not Churn,0,Active
26BCA45281,BPCCS,6,Female,OPEN,Muslim,MORBI,18000,HSC,63.8,2022-23,G.H.S.E.B,COMMERCE,0,active,Not Churn,0,Active
26BCA45282,BPCCS,5,Male,SEBC,Hindu,GANDHINAGAR,18000,HSC,43.5,2023-24,G.H.S.E.B,COMMERCE,0,active,Not Churn,0,Active
26BCA45283,BPCCS,6,Male,SEBC,Muslim,GANDHINAGAR,18000,HSC,61.3,2023-24,G.H.S.E.B,COMMERCE,0,active,Not Churn,0,Active
26BCA45284,BPCCS,6,Female,SEBC,Hindu,AHMEDABAD,18000,HSC,47.4,2023-24,G.H.S.E.B,COMMERCE,0,active,Not Churn,0,Active
26BCA45285,BPCCS,6,Male,OPEN,Hindu,GANDHINAGAR,18000,HSC,64.5,2023-24,G.H.S.E.B,COMMERCE,0,active,Not Churn,0,Active
26BCA45286,BPCCS,6,Female,SEBC,Hindu,AHMEDABAD,18000,HSC,56.3,2023-24,G.H.S.E.B,COMMERCE,0,active,Not Churn,0,Active
26BCA45287,BPCCS,6,Male,SEBC,Hindu,GANDHINAGAR,18000,HSC,55.5,2023-24,G.H.S.E.B,COMMERCE,0,active,Not Churn,0,Active
26BCA45288,BPCCS,6,Female,OPEN,Hindu,RAJKOT,18000,HSC,77.9,2023-24,G.H.S.E.B,COMMERCE,0,active,Not Churn,0,Active
26BCA45289,BPCCS,6,Female,OPEN,Hindu,GANDHINAGAR,18000,HSC,70.0,2023-24,G.H.S.E.B,COMMERCE,0,active,Not Churn,0,Active
26BCA45290,BPCCS,6,Male,OBC,Hindu,GANDHINAGAR,18000,HSC,43.5,2023-24,G.H.S.E.B,COMMERCE,0,active,Not Churn,0,Active
26BCA45291,BPCCS,2,Male,OPEN,Hindu,SURENDRANAGAR,18000,HSC,48.9,2023-24,G.H.S.E.B,COMMERCE,0,active,Not Churn,0,Active
26BCA45292,BPCCS,6,Female,OPEN,Hindu,GANDHINAGAR,18000,HSC,67.2,2023-24,G.H.S.E.B,COMMERCE,0,active,Not Churn,0,Active
26BCA45293,BPCCS,6,Male,OPEN,Muslim,MORBI,18000,HSC,75.1,2023-24,G.H.S.E.B,COMMERCE,0,active,Not Churn,0,Active
26BCA45294,BPCCS,6,Male,SEBC,Hindu,GANDHINAGAR,18000,HSC,54.5,2023-24,G.H.S.E.B,COMMERCE,0,active,Not Churn,0,Active
26BCA45295,BPCCS,4,Female,OPEN,Hindu,AHMEDABAD,18000,HSC,43.4,2023-24,G.H.S.E.B,COMMERCE,0,active,Not Churn,0,Active
26BCA45296,BPCCS,6,Female,SEBC,Hindu,SURENDRANAGAR,18000,HSC,87.0,2023-24,G.H.S.E.B,COMMERCE,0,active,Not Churn,0,Active
26BCA45297,BPCCS,6,Male,OPEN,Muslim,MORBI,18000,HSC,49.8,2023-24,G.H.S.E.B,COMMERCE,0,active,Not Churn,0,Active
26BCA45298,BPCCS,6,Male,OPEN,Hindu,KUTCH,18000,HSC,72.0,2023-24,G.H.S.E.B,COMMERCE,0,active,Not Churn,0,Active
26BCA45299,BPCCS,6,Male,SEBC,Hindu,AHMEDABAD,18000,HSC,61.2,2023-24,G.H.S.E.B,COMMERCE,0,active,Not Churn,0,Active
26BCA45300,BPCCS,6,Female,OPEN,Hindu,GANDHINAGAR,18000,HSC,78.6,2023-24,G.H.S.E.B,COMMERCE,0,active,Not Churn,0,Active
26BCA45301,BPCCS,4,Female,SCST,Hindu,GANDHINAGAR,18000,HSC,50.0,2023-24,G.H.S.E.B,COMMERCE,0,active,Not Churn,0,Active
26BCA45302,BPCCS,6,Female,OPEN,Hindu,GANDHINAGAR,18000,HSC,77.0,2023-24,G.H.S.E.B,COMMERCE,0,active,Not Churn,0,Active
26BCA45303,BPCCS,6,Male,OPEN,Hindu,MEHSANA,18000,HSC,75.6,2023-24,G.H.S.E.B,COMMERCE,0,active,Not Churn,0,Active
26BCA45304,BPCCS,3,Male,OPEN,Hindu,KHEDA,18000,HSC,48.2,2023-24,G.H.S.E.B,COMMERCE,0,active,Not Churn,0,Active
26BCA45305,BPCCS,6,Male,SEBC,Hindu,AHMEDABAD,18000,HSC,67.3,2023-24,G.H.S.E.B,ARTS,0,active,Not Churn,0,Active
26BCA45306,BPCCS,6,Male,SEBC,Hindu,GANDHINAGAR,18000,HSC,75.4,2023-24,G.H.S.E.B,COMMERCE,0,active,Not Churn,0,Active
26BCA45307,BPCCS,6,Female,SEBC,Hindu,AHMEDABAD,18000,HSC,57.0,2023-24,G.H.S.E.B,COMMERCE,0,active,Not Churn,0,Active
26BCA45308,BPCCS,6,Male,SEBC,Hindu,GANDHINAGAR,18000,HSC,55.1,2023-24,G.H.S.E.B,COMMERCE,0,active,Not Churn,0,Active
26BCA45309,BPCCS,6,Male,SEBC,Hindu,BOTAD,18000,HSC,83.4,2023-24,G.H.S.E.B,ARTS,0,active,Not Churn,0,Active
26BCA45310,BPCCS,6,Male,OPEN,Hindu,AHMEDABAD,18000,HSC,68.9,2023-24,G.H.S.E.B,COMMERCE,0,active,Not Churn,0,Active
26BCA45311,BPCCS,6,Male,OPEN,Hindu,GANDHINAGAR,18000,HSC,81.7,2023-24,G.H.S.E.B,COMMERCE,0,active,Not Churn,0,Active
26BCA45312,BPCCS,6,Male,OPEN,Hindu,GANDHINAGAR,18000,HSC,59.1,2023-24,G.H.S.E.B,COMMERCE,0,active,Not Churn,0,Active
26BCA45313,BPCCS,6,Female,OPEN,Hindu,GANDHINAGAR,18000,HSC,58.6,2023-24,G.H.S.E.B,COMMERCE,0,active,Not Churn,0,Active
26BCA45314,BPCCS,6,Female,OPEN,Hindu,RAJKOT,18000,HSC,72.9,2023-24,G.H.S.E.B,COMMERCE,0,active,Not Churn,0,Active
26BCA45315,BPCCS,6,Male,SEBC,Hindu,AHMEDABAD,18000,HSC,46.1,2023-24,G.H.S.E.B,COMMERCE,0,active,Not Churn,0,Active
26BCA45316,BPCCS,6,Female,SCST,Hindu,GANDHINAGAR,18000,HSC,67.2,2023-24,G.H.S.E.B,COMMERCE,0,active,Not Churn,0,Active
26BCA45317,BPCCS,6,Female,OPEN,Hindu,SURENDRANAGAR,18000,HSC,73.6,2023-24,G.H.S.E.B,COMMERCE,0,active,Not Churn,0,Active
26BCA45318,BPCCS,6,Male,SEBC,Hindu,GANDHINAGAR,18000,HSC,72.4,2023-24,G.H.S.E.B,COMMERCE,0,active,Not Churn,0,Active
26BCA45319,BPCCS,6,Male,OPEN,Hindu,GANDHINAGAR,18000,HSC,58.8,2022-23,G.H.S.E.B,COMMERCE,0,active,Not Churn,0,Active
26BCA45320,BPCCS,6,Male,OBC,Hindu,AHMEDABAD,18000,SSC,48.8,2020-21,GSEB,COMMERCE,0,active,Not Churn,0,Active
26BCA45321,BPCCS,6,Male,OPEN,Muslim,MORBI,18000,HSC,85.7,2022-23,G.H.S.E.B,COMMERCE,0,active,Not Churn,0,Active
26BCA45322,BPCCS,6,Male,SCST,Hindu,GANDHINAGAR,18000,HSC,47.1,2022-23,G.H.S.E.B,ARTS,0,active,Not Churn,0,Active
26BCA45323,BPCCS,6,Male,SEBC,Hindu,SURENDRANAGAR,18000,HSC,46.5,2023-24,G.H.S.E.B,COMMERCE,0,active,Not Churn,0,Active
26BCA45324,BPCCS,6,Male,SEBC,Hindu,GANDHINAGAR,18000,HSC,46.9,2023-24,G.H.S.E.B,COMMERCE,0,active,Not Churn,0,Active
26BCA45325,BPCCS,6,Female,SEBC,Hindu,MAHISAGAR,18000,HSC,77.0,2023-24,G.H.S.E.B,COMMERCE,0,active,Not Churn,0,Active
26BCA45326,BPCCS,6,Male,OBC,Hindu,BANASKANTHA,18000,HSC,60.2,2022-23,G.H.S.E.B,ARTS,0,active,Not Churn,0,Active
26BCA45327,BPCCS,3,Male,OPEN,Hindu,JUNAGADH,18000,HSC,45.0,2023-24,G.H.S.E.B,COMMERCE,0,active,Not Churn,0,Active
26BCA45328,BPCCS,6,Female,SCST,Hindu,GANDHINAGAR,18000,HSC,49.4,2023-24,G.H.S.E.B,COMMERCE,0,active,Not Churn,0,Active
26BCA45329,BPCCS,6,Male,OPEN,Hindu,GANDHINAGAR,18000,HSC,46.4,2023-24,G.H.S.E.B,COMMERCE,0,active,Not Churn,0,Active
26BCA45330,BPCCS,6,Male,SEBC,Hindu,GANDHINAGAR,18000,HSC,75.0,2023-24,G.H.S.E.B,COMMERCE,0,active,Not Churn,0,Active
26BCA45331,BPCCS,6,Male,SEBC,Hindu,GANDHINAGAR,18000,HSC,57.2,2023-24,G.H.S.E.B,COMMERCE,0,active,Not Churn,0,Active
26BCA45332,BPCCS,6,Male,OBC,Hindu,GANDHINAGAR,18000,HSC,61.8,2023-24,G.H.S.E.B,COMMERCE,0,active,Not Churn,0,Active
26BCA45333,BPCCS,6,Male,OPEN,Hindu,JUNAGADH,18000,HSC,74.0,2023-24,G.H.S.E.B,ARTS,0,active,Not Churn,0,Active
26BCA45334,BPCCS,6,Female,OPEN,Hindu,AHMEDABAD,18000,HSC,65.5,2023-24,G.H.S.E.B,COMMERCE,0,active,Not Churn,0,Active
26BCA45335,BPCCS,6,Male,OBC,Hindu,BANASKANTHA,18000,HSC,56.8,2023-24,G.H.S.E.B,COMMERCE,0,active,Not Churn,0,Active
26BCA45336,BPCCS,6,Female,SCST,Hindu,GANDHINAGAR,18000,HSC,66.6,2023-24,G.H.S.E.B,COMMERCE,0,active,Not Churn,0,Active
26BCA45337,BPCCS,2,Male,OBC,Hindu,GANDHINAGAR,18000,HSC,56.4,2023-24,G.H.S.E.B,ARTS,0,active,Not Churn,0,Active
26BCA45338,BPCCS,6,Male,OPEN,Hindu,AHMEDABAD,18000,HSC,62.8,2023-24,G.H.S.E.B,COMMERCE,0,active,Not Churn,0,Active
26BCA45339,BPCCS,6,Male,OPEN,Hindu,SURENDRANAGAR,18000,HSC,49.4,2023-24,G.H.S.E.B,COMMERCE,0,active,Not Churn,0,Active
26BCA45340,BPCCS,6,Male,OPEN,Hindu,KUTCH,18000,HSC,57.4,2023-24,CBSE,COMMERCE,0,active,Not Churn,0,Active
26BCA45341,BPCCS,6,Female,SEBC,Hindu,SURENDRANAGAR,18000,HSC,87.5,2023-24,G.H.S.E.B,COMMERCE,0,active,Not Churn,0,Active
26BCA45342,BPCCS,6,Female,OPEN,Hindu,GANDHINAGAR,18000,HSC,74.4,2023-24,G.H.S.E.B,COMMERCE,0,active,Not Churn,0,Active
26BCA45343,BPCCS,6,Male,OPEN,Hindu,GANDHINAGAR,18000,HSC,64.8,2023-24,G.H.S.E.B,COMMERCE,0,active,Not Churn,0,Active
26BCA45344,BPCCS,6,Male,OPEN,Hindu,AHMEDABAD,18000,HSC,47.5,2023-24,G.H.S.E.B,COMMERCE,0,active,Not Churn,0,Active
26BCA45345,BPCCS,2,Male,OPEN,Hindu,GANDHINAGAR,18000,HSC,66.2,2023-24,G.H.S.E.B,ARTS,0,active,Not Churn,0,Active
26BCA45346,BPCCS,6,Male,OPEN,Hindu,MORBI,18000,HSC,63.9,2023-24,G.H.S.E.B,COMMERCE,0,active,Not Churn,0,Active
26BCA45347,BPCCS,6,Male,OPEN,Hindu,DEVBHUMI DWARKA,18000,HSC,52.1,2023-24,G.H.S.E.B,COMMERCE,0,active,Not Churn,0,Active
26BCA45348,BPCCS,6,Male,OPEN,Hindu,JUNAGADH,18000,HSC,55.3,2023-24,G.H.S.E.B,COMMERCE,0,active,Not Churn,0,Active
26BCA45349,BPCCS,6,Female,SCST,Hindu,AHMEDABAD,18000,HSC,56.7,2023-24,G.H.S.E.B,COMMERCE,0,active,Not Churn,0,Active
26BCA45350,BPCCS,6,Female,OPEN,Hindu,GANDHINAGAR,18000,HSC,58.6,2023-24,G.H.S.E.B,COMMERCE,0,active,Not Churn,0,Active
26BCA45351,BPCCS,6,Female,OPEN,Hindu,GANDHINAGAR,18000,HSC,40.0,2023-24,G.H.S.E.B,COMMERCE,0,active,Not Churn,0,Active
26BCA45352,BPCCS,6,Female,OPEN,Hindu,AHMEDABAD,18000,HSC,59.1,2022-23,G.H.S.E.B,ARTS,0,active,Not Churn,0,Active
26BCA45353,BPCCS,6,Male,OPEN,Muslim,MORBI,18000,HSC,40.0,2023-24,G.H.S.E.B,COMMERCE,0,active,Not Churn,0,Active
26BCA45354,BPCCS,6,Male,OPEN,Hindu,GANDHINAGAR,18000,HSC,58.0,2022-23,G.H.S.E.B,SCIENCE,0,active,Not Churn,0,Active
26BCA45355,BPCCS,6,Female,OPEN,Hindu,GANDHINAGAR,18000,HSC,71.9,2023-24,G.H.S.E.B,COMMERCE,0,active,Not Churn,0,Active
26BCA45356,BPCCS,6,Female,OPEN,Hindu,GANDHINAGAR,18000,HSC,46.3,2023-24,G.H.S.E.B,COMMERCE,0,active,Not Churn,0,Active
26BCA45357,BPCCS,6,Female,SCST,Hindu,GANDHINAGAR,18000,HSC,60.0,2023-24,G.H.S.E.B,COMMERCE,0,active,Not Churn,0,Active
26BCA45358,BPCCS,6,Male,SCST,Hindu,AHMEDABAD,18000,HSC,54.0,2023-24,G.H.S.E.B,COMMERCE,0,active,Not Churn,0,Active
26BCA45359,BPCCS,6,Male,OPEN,Hindu,GANDHINAGAR,18000,HSC,59.2,2023-24,G.H.S.E.B,COMMERCE,0,active,Not Churn,0,Active
26BCA45360,BPCCS,6,Female,OPEN,Hindu,GANDHINAGAR,18000,HSC,71.0,2023-24,G.H.S.E.B,COMMERCE,0,active,Not Churn,0,Active
26BCA45361,BPCCS,6,Female,OPEN,Hindu,RAJKOT,18000,HSC,74.5,2023-24,G.H.S.E.B,COMMERCE,0,active,Not Churn,0,Active
26BCA45362,BPCCS,6,Female,OPEN,Hindu,SURENDRANAGAR,18000,HSC,66.0,2023-24,G.H.S.E.B,ARTS,0,active,Not Churn,0,Active
26BCA45363,BPCCS,6,Male,OPEN,Hindu,GANDHINAGAR,18000,HSC,78.2,2023-24,G.H.S.E.B,COMMERCE,0,active,Not Churn,0,Active
26BCA45364,BPCCS,6,Male,SEBC,Hindu,SURENDRANAGAR,18000,HSC,62.2,2023-24,G.H.S.E.B,ARTS,0,active,Not Churn,0,Active
26BCA45365,BPCCS,6,Female,OPEN,Hindu,GANDHINAGAR,18000,HSC,48.7,2023-24,G.H.S.E.B,COMMERCE,0,active,Not Churn,0,Active
26BCA45366,BPCCS,6,Female,OPEN,Hindu,KUTCH,18000,HSC,82.0,2023-24,G.H.S.E.B,COMMERCE,0,active,Not Churn,0,Active
26BCA45367,BPCCS,6,Male,OBC,Hindu,GONDIYA,18000,HSC,62.2,2022-23,CBSE,SCIENCE,0,active,Not Churn,0,Active
26BCA45368,BPCCS,6,Female,SEBC,Hindu,GANDHINAGAR,18000,HSC,75.7,2023-24,G.H.S.E.B,ARTS,0,active,Not Churn,0,Active
26BCA45369,BPCCS,5,Male,OPEN,Muslim,GANDHINAGAR,18000,HSC,42.9,2023-24,G.H.S.E.B,ARTS,0,active,Not Churn,0,Active
26BCA45370,BPCCS,6,Female,OPEN,Hindu,AHMEDABAD,18000,HSC,67.2,2023-24,G.H.S.E.B,COMMERCE,0,active,Not Churn,0,Active
26BCA45371,BPCCS,6,Female,SEBC,Hindu,GANDHINAGAR,18000,HSC,55.3,2023-24,G.H.S.E.B,COMMERCE,0,active,Not Churn,0,Active
26BCA45372,BPCCS,5,Male,OPEN,Hindu,SURENDRANAGAR,18000,HSC,62.0,2023-24,G.H.S.E.B,COMMERCE,0,active,Not Churn,0,Active
26BCA45373,BPCCS,6,Female,SEBC,Hindu,GANDHINAGAR,18000,HSC,59.7,2023-24,G.H.S.E.B,COMMERCE,0,active,Not Churn,0,Active
26BCA45374,BPCCS,6,Female,SEBC,Hindu,SURENDRANAGAR,18000,HSC,70.5,2023-24,G.H.S.E.B,COMMERCE,0,active,Not Churn,0,Active
26BCA45375,BPCCS,6,Male,OPEN,Hindu,AHMEDABAD,18000,HSC,49.6,2022-23,G.H.S.E.B,ARTS,0,active,Not Churn,0,Active
26BCA45376,BPCCS,6,Male,OPEN,Hindu,GANDHINAGAR,18000,HSC,60.4,2023-24,G.H.S.E.B,COMMERCE,0,active,Not Churn,0,Active
26BCA45377,BPCCS,6,Female,OPEN,Hindu,AMRELI,18000,HSC,78.1,2023-24,G.H.S.E.B,COMMERCE,0,active,Not Churn,0,Active
26BCA45378,BPCCS,6,Female,OPEN,Hindu,GANDHINAGAR,18000,HSC,47.6,2023-24,G.H.S.E.B,SCIENCE,0,active,Not Churn,0,Active
26BCA45379,BPCCS,2,Male,OPEN,Hindu,MORBI,18000,HSC,65.7,2023-24,G.H.S.E.B,COMMERCE,0,active,Not Churn,0,Active
26BCA45380,BPCCS,6,Male,OPEN,Hindu,GANDHINAGAR,18000,HSC,46.4,2023-24,G.H.S.E.B,COMMERCE,0,active,Not Churn,0,Active
26BCA45381,BPCCS,6,Male,SCST,Hindu,GANDHINAGAR,18000,HSC,69.5,2023-24,G.H.S.E.B,COMMERCE,0,active,Not Churn,0,Active
26BCA45382,BPCCS,6,Male,OPEN,Hindu,GANDHINAGAR,18000,HSC,82.3,2023-24,G.H.S.E.B,COMMERCE,0,active,Not Churn,0,Active
26BCA45383,BPCCS,6,Female,OPEN,Hindu,GANDHINAGAR,18000,HSC,46.2,2023-24,G.H.S.E.B,SCIENCE,0,active,Not Churn,0,Active
26BCA45384,BPCCS,6,Male,OPEN,Hindu,KHEDA,18000,HSC,52.0,2021-22,G.H.S.E.B,COMMERCE,0,active,Not Churn,0,Active
26BCA45385,BPCCS,6,Male,SCST,Hindu,AHMEDABAD,18000,HSC,66.8,2023-24,G.H.S.E.B,COMMERCE,0,active,Not Churn,0,Active
26BCA45386,BPCCS,3,Male,OPEN,Hindu,KHEDA,18000,HSC,50.1,2023-24,G.H.S.E.B,COMMERCE,0,active,Not Churn,0,Active
26BCA45387,BPCCS,6,Male,OPEN,Hindu,ARVALLI,18000,HSC,51.9,2023-24,G.H.S.E.B,ARTS,0,active,Not Churn,0,Active
26BCA45388,BPCCS,6,Male,OPEN,Hindu,AHMEDABAD,18000,HSC,47.9,2023-24,G.H.S.E.B,COMMERCE,0,active,Not Churn,0,Active
26BCA45389,BPCCS,6,Male,SCST,Hindu,GANDHINAGAR,18000,HSC,63.2,2023-24,G.H.S.E.B,COMMERCE,0,active,Not Churn,0,Active
26BCA45390,BPCCS,6,Male,OPEN,Hindu,GANDHINAGAR,18000,HSC,40.1,2023-24,G.H.S.E.B,COMMERCE,0,active,Not Churn,0,Active
26BCA45391,BPCCS,5,Male,SEBC,Hindu,ARVALLI,18000,HSC,59.6,2022-23,G.H.S.E.B,COMMERCE,0,active,Not Churn,0,Active
26BCA45392,BPCCS,6,Female,SCST,Hindu,GANDHINAGAR,18000,HSC,66.8,2023-24,G.H.S.E.B,COMMERCE,0,active,Not Churn,0,Active
26BCA45393,BPCCS,6,Female,SEBC,Hindu,SURENDRANAGAR,18000,HSC,68.6,2023-24,G.H.S.E.B,COMMERCE,0,active,Not Churn,0,Active
26BCA45394,BPCCS,6,Female,SEBC,Hindu,GANDHINAGAR,18000,HSC,67.6,2023-24,G.H.S.E.B,COMMERCE,0,active,Not Churn,0,Active
26BCA45395,BPCCS,6,Female,OBC,Hindu,AHMEDABAD,18000,HSC,64.8,2023-24,G.H.S.E.B,COMMERCE,0,active,Not Churn,0,Active
26BCA45396,BPCCS,6,Male,OPEN,Muslim,MORBI,18000,HSC,75.3,2023-24,G.H.S.E.B,COMMERCE,0,active,Not Churn,0,Active
26BCA45397,BPCCS,6,Male,OPEN,Hindu,MORBI,18000,HSC,48.5,2023-24,G.H.S.E.B,COMMERCE,0,active,Not Churn,0,Active
26BCA45398,BPCCS,6,Female,SEBC,Hindu,MEHSANA,18000,HSC,83.3,2023-24,G.H.S.E.B,COMMERCE,0,active,Not Churn,0,Active
26BCA45399,BPCCS,6,Male,OPEN,Hindu,GANDHINAGAR,18000,HSC,63.4,2022-23,CBSE,COMMERCE,0,active,Not Churn,0,Active
26BCA45400,BPCCS,6,Male,SEBC,Hindu,SABARKANTHA,18000,HSC,52.2,2023-24,G.H.S.E.B,ARTS,0,active,Not Churn,0,Active
26BCA45401,BPCCS,6,Male,OPEN,Hindu,MORBI,18000,HSC,70.7,2023-24,G.H.S.E.B,COMMERCE,0,active,Not Churn,0,Active
26BCA45402,BPCCS,4,Female,SCST,Hindu,GANDHINAGAR,18000,HSC,48.5,2023-24,G.H.S.E.B,COMMERCE,0,active,Not Churn,0,Active
26BCA45403,BPCCS,6,Female,OBC,Hindu,GANDHINAGAR,18000,HSC,92.2,2023-24,G.H.S.E.B,ARTS,0,active,Not Churn,0,Active
26BCA45404,BPCCS,6,Female,OPEN,Hindu,GANDHINAGAR,18000,HSC,47.0,2023-24,G.H.S.E.B,COMMERCE,0,active,Not Churn,0,Active
26BCA45405,BPCCS,6,Female,OBC,Hindu,AHMEDABAD,18000,HSC,63.7,2023-24,G.H.S.E.B,COMMERCE,0,active,Not Churn,0,Active
26BCA45406,BPCCS,6,Female,OPEN,Hindu,SURENDRANAGAR,18000,HSC,73.4,2023-24,G.H.S.E.B,COMMERCE,0,active,Not Churn,0,Active
26BCA45407,BPCCS,6,Female,SEBC,Hindu,GANDHINAGAR,18000,HSC,46.6,2023-24,G.H.S.E.B,COMMERCE,0,active,Not Churn,0,Active
26BCA45408,BPCCS,6,Male,OPEN,Hindu,GANDHINAGAR,18000,HSC,53.2,2023-24,G.H.S.E.B,COMMERCE,0,active,Not Churn,0,Active
26BCA45409,BPCCS,6,Male,OPEN,Hindu,GANDHINAGAR,18000,HSC,61.9,2023-24,G.H.S.E.B,COMMERCE,0,active,Not Churn,0,Active
26BCA45410,BPCCS,6,Male,OPEN,Hindu,GANDHINAGAR,18000,HSC,46.7,2023-24,G.H.S.E.B,SCIENCE,0,active,Not Churn,0,Active
26BCA45411,BPCCS,6,Male,OPEN,Hindu,GANDHINAGAR,18000,HSC,50.1,2023-24,G.H.S.E.B,COMMERCE,0,active,Not Churn,0,Active
26BCA45412,BPCCS,6,Male,OPEN,Muslim,BHAVNAGAR,18000,HSC,61.3,2023-24,G.H.S.E.B,COMMERCE,0,active,Not Churn,0,Active
26BCA45413,BPCCS,6,Female,SCST,Hindu,GANDHINAGAR,18000,HSC,65.9,2023-24,G.H.S.E.B,COMMERCE,0,active,Not Churn,0,Active
26BCA45414,BPCCS,6,Female,OPEN,Hindu,SIROHI,18000,HSC,85.0,2023-24,Other,COMMERCE,0,active,Not Churn,0,Active
26BCA45415,BPCCS,6,Male,OPEN,Muslim,MORBI,18000,HSC,63.6,2023-24,G.H.S.E.B,COMMERCE,0,active,Not Churn,0,Active
26BCA45416,BPCCS,6,Male,OBC,Muslim,GANDHINAGAR,18000,HSC,57.7,2023-24,G.H.S.E.B,COMMERCE,0,active,Not Churn,0,Active
26BCA45417,BPCCS,2,Male,OPEN,Hindu,MORBI,18000,HSC,65.5,2023-24,G.H.S.E.B,COMMERCE,0,active,Not Churn,0,Active
26BCA45418,BPCCS,6,Male,OPEN,Hindu,KUTCH,18000,HSC,71.2,2023-24,G.H.S.E.B,COMMERCE,0,active,Not Churn,0,Active
26BCA45419,BPCCS,6,Female,SCST,Hindu,GANDHINAGAR,18000,HSC,70.1,2023-24,G.H.S.E.B,COMMERCE,0,active,Not Churn,0,Active
26BCA45420,BPCCS,6,Male,SEBC,Hindu,GANDHINAGAR,18000,HSC,43.8,2023-24,G.H.S.E.B,ARTS,0,active,Not Churn,0,Active
26BCA45421,BPCCS,4,Male,OPEN,Hindu,GANDHINAGAR,18000,HSC,55.9,2023-24,G.H.S.E.B,ARTS,0,active,Not Churn,0,Active
26BCA45422,BPCCS,6,Male,OPEN,Hindu,AHMEDABAD,18000,HSC,55.7,2023-24,G.H.S.E.B,COMMERCE,0,active,Not Churn,0,Active
26BCA45423,BPCCS,6,Male,OPEN,Muslim,MORBI,18000,HSC,74.4,2023-24,G.H.S.E.B,COMMERCE,0,active,Not Churn,0,Active
26BCA45424,BPCCS,6,Female,SEBC,Hindu,AHMEDABAD,18000,HSC,58.9,2023-24,G.H.S.E.B,COMMERCE,0,active,Not Churn,0,Active
26BCA45425,BPCCS,6,Female,OPEN,Hindu,GANDHINAGAR,18000,HSC,64.3,2023-24,G.H.S.E.B,COMMERCE,0,active,Not Churn,0,Active
26BCA45426,BPCCS,6,Male,OBC,Hindu,GANDHINAGAR,18000,HSC,49.9,2023-24,G.H.S.E.B,COMMERCE,0,active,Not Churn,0,Active
26BCA45427,BPCCS,5,Male,OPEN,Hindu,AHMEDABAD,18000,HSC,39.5,2023-24,G.H.S.E.B,COMMERCE,0,active,Not Churn,0,Active
26BCA45428,BPCCS,6,Female,OPEN,Hindu,BHAVNAGAR,18000,HSC,69.9,2023-24,G.H.S.E.B,COMMERCE,0,active,Not Churn,0,Active
26BCA45429,BPCCS,6,Male,SEBC,Hindu,AHMEDABAD,18000,HSC,44.8,2023-24,G.H.S.E.B,COMMERCE,0,active,Not Churn,0,Active
26BCA45430,BPCCS,6,Male,OPEN,Hindu,ARVALLI,18000,HSC,79.4,2023-24,G.H.S.E.B,COMMERCE,0,active,Not Churn,0,Active
26BCA45431,BPCCS,6,Male,OPEN,Hindu,GANDHINAGAR,18000,HSC,43.0,2023-24,G.H.S.E.B,COMMERCE,0,active,Not Churn,0,Active
26BCA45432,BPCCS,6,Female,SEBC,Hindu,AHMEDABAD,18000,HSC,67.2,2023-24,G.H.S.E.B,COMMERCE,0,active,Not Churn,0,Active
26BCA45433,BPCCS,6,Male,SEBC,Hindu,BOTAD,18000,HSC,74.0,2023-24,G.H.S.E.B,COMMERCE,0,active,Not Churn,0,Active
26BCA45434,BPCCS,6,Female,SEBC,Hindu,GANDHINAGAR,18000,HSC,58.3,2023-24,G.H.S.E.B,COMMERCE,0,active,Not Churn,0,Active
26BCA45435,BPCCS,6,Female,SEBC,Hindu,AHMEDABAD,18000,HSC,56.8,2023-24,G.H.S.E.B,COMMERCE,0,active,Not Churn,0,Active
26BCA45436,BPCCS,5,Male,OPEN,Hindu,HALVAD,18000,HSC,43.1,2023-24,G.H.S.E.B,COMMERCE,0,active,Not Churn,0,Active
26BCA45437,BPCCS,6,Female,OPEN,Hindu,BANASKANTHA,18000,HSC,62.2,2023-24,G.H.S.E.B,COMMERCE,0,active,Not Churn,0,Active
26BCA45438,BPCCS,6,Male,SEBC,Hindu,BOTAD,18000,HSC,77.5,2023-24,G.H.S.E.B,COMMERCE,0,active,Not Churn,0,Active
26BCA45439,BPCCS,6,Male,OBC,Hindu,PATAN,18000,HSC,64.8,2023-24,G.H.S.E.B,ARTS,0,active,Not Churn,0,Active
26BCA45440,BPCCS,6,Male,SEBC,Hindu,GANDHINAGAR,18000,HSC,54.7,2023-24,G.H.S.E.B,COMMERCE,0,active,Not Churn,0,Active
26BCA45441,BPCCS,6,Male,OPEN,Hindu,AHMEDABAD,18000,HSC,50.0,2023-24,G.H.S.E.B,COMMERCE,0,active,Not Churn,0,Active
26BCA45442,BPCCS,5,Male,OPEN,Muslim,GANDHINAGAR,18000,HSC,44.5,2023-24,G.H.S.E.B,ARTS,0,active,Not Churn,0,Active
26BCA45443,BPCCS,6,Female,OBC,Hindu,GANDHINAGAR,18000,HSC,51.7,2023-24,G.H.S.E.B,COMMERCE,0,active,Not Churn,0,Active
26BCA45444,BPCCS,6,Male,OPEN,Hindu,DUNGARPUR,18000,HSC,77.0,2023-24,G.H.S.E.B,SCIENCE,0,active,Not Churn,0,Active
26BCA45445,BPCCS,6,Male,SEBC,Hindu,AHMEDABAD,18000,HSC,53.7,2022-23,G.H.S.E.B,COMMERCE,0,active,Not Churn,0,Active
26BCA45446,BPCCS,6,Male,SCST,Hindu,KHEDA,18000,HSC,46.4,2023-24,G.H.S.E.B,COMMERCE,0,active,Not Churn,0,Active
26BCA45447,BPCCS,6,Male,OPEN,Hindu,KUTCH,18000,HSC,72.9,2023-24,G.H.S.E.B,COMMERCE,0,active,Not Churn,0,Active
26BCA45448,BPCCS,6,Female,OPEN,Hindu,GANDHINAGAR,18000,HSC,61.0,2023-24,G.H.S.E.B,COMMERCE,0,active,Not Churn,0,Active
26BCA45449,BPCCS,6,Male,OPEN,Hindu,GANDHINAGAR,18000,HSC,67.1,2023-24,G.H.S.E.B,COMMERCE,0,active,Not Churn,0,Active
26BCA45450,BPCCS,6,Female,OPEN,Muslim,AMRELI,18000,HSC,72.3,2022-23,G.H.S.E.B,COMMERCE,0,active,Not Churn,0,Active
26BCA45451,BPCCS,6,Female,SEBC,Hindu,GANDHINAGAR,18000,HSC,56.6,2023-24,G.H.S.E.B,COMMERCE,0,active,Not Churn,0,Active
26BCA45452,BPCCS,6,Male,OPEN,Muslim,MORBI,18000,HSC,65.9,2023-24,G.H.S.E.B,COMMERCE,0,active,Not Churn,0,Active
26BCA45453,BPCCS,6,Male,OPEN,Hindu,AHMEDABAD,18000,HSC,41.5,2023-24,G.H.S.E.B,COMMERCE,0,active,Not Churn,0,Active
26BCA45454,BPCCS,6,Male,SEBC,Hindu,BANASKANTHA,18000,HSC,59.7,2022-23,G.H.S.E.B,SCIENCE,0,active,Not Churn,0,Active
26BCA45455,BPCCS,6,Male,OBC,Hindu,GANDHINAGAR,18000,HSC,57.7,2020-21,G.H.S.E.B,COMMERCE,0,active,Not Churn,0,Active
26BCA45456,BPCCS,6,Female,OPEN,Hindu,AHMEDABAD,18000,HSC,48.7,2023-24,G.H.S.E.B,COMMERCE,0,active,Not Churn,0,Active
26BCA45457,BPCCS,6,Female,OPEN,Muslim,MEHSANA,18000,HSC,78.5,2023-24,G.H.S.E.B,COMMERCE,0,active,Not Churn,0,Active
26BCA45458,BPCCS,6,Female,OPEN,Hindu,AHMEDABAD,18000,SSC,64.5,2021-22,GSEB,COMMERCE,0,active,Not Churn,0,Active
26BCA45459,BPCCS,6,Female,OPEN,Hindu,GANDHINAGAR,18000,HSC,70.9,2023-24,G.H.S.E.B,COMMERCE,0,active,Not Churn,0,Active
26BCA45460,BPCCS,6,Female,OPEN,Hindu,GANDHINAGAR,18000,HSC,76.4,2023-24,G.H.S.E.B,COMMERCE,0,active,Not Churn,0,Active
26BCA45461,BPCCS,6,Male,OPEN,Hindu,BOTAD,18000,HSC,51.6,2023-24,G.H.S.E.B,COMMERCE,0,active,Not Churn,0,Active
26BCA45462,BPCCS,6,Male,SCST,Hindu,GANDHINAGAR,18000,HSC,56.4,2023-24,G.H.S.E.B,COMMERCE,0,active,Not Churn,0,Active
26BCA45463,BPCCS,6,Male,SEBC,Hindu,GANDHINAGAR,18000,HSC,65.8,2023-24,G.H.S.E.B,COMMERCE,0,active,Not Churn,0,Active
26BCA45464,BPCCS,6,Female,OPEN,Hindu,SURENDRANAGAR,18000,HSC,66.7,2023-24,G.H.S.E.B,ARTS,0,active,Not Churn,0,Active
26BCA45465,BPCCS,6,Female,OPEN,Hindu,AHMEDABAD,18000,HSC,70.1,2023-24,G.H.S.E.B,COMMERCE,0,active,Not Churn,0,Active
26BCA45466,BPCCS,6,Male,OPEN,Hindu,AHMEDABAD,18000,HSC,48.1,2023-24,G.H.S.E.B,COMMERCE,0,active,Not Churn,0,Active
26BCA45467,BPCCS,6,Male,OPEN,Hindu,SURENDRANAGAR,18000,HSC,44.6,2023-24,G.H.S.E.B,COMMERCE,0,active,Not Churn,0,Active
26BCA45468,BPCCS,6,Male,OPEN,Hindu,GANDHINAGAR,18000,HSC,39.8,2023-24,G.H.S.E.B,COMMERCE,0,active,Not Churn,0,Active
26BCA45469,BPCCS,6,Male,OPEN,Hindu,JAMNAGAR,18000,HSC,71.3,2023-24,G.H.S.E.B,COMMERCE,0,active,Not Churn,0,Active
26BCA45470,BPCCS,2,Male,OPEN,Hindu,MORBI,18000,HSC,65.1,2023-24,G.H.S.E.B,COMMERCE,0,active,Not Churn,0,Active
26BCA45471,BPCCS,6,Male,OBC,Hindu,GANDHINAGAR,18000,HSC,57.7,2023-24,CBSE,SCIENCE,0,active,Not Churn,0,Active
26BCA45472,BPCCS,6,Female,OPEN,Hindu,RAJKOT,18000,HSC,78.0,2023-24,G.H.S.E.B,COMMERCE,0,active,Not Churn,0,Active
26BCA45473,BPCCS,6,Male,OPEN,Muslim,MORBI,18000,HSC,39.5,2023-24,G.H.S.E.B,COMMERCE,0,active,Not Churn,0,Active
26BCA45474,BPCCS,6,Female,OPEN,Hindu,AHMEDABAD,18000,HSC,52.4,2023-24,G.H.S.E.B,COMMERCE,0,active,Not Churn,0,Active
26BCA45475,BPCCS,6,Female,SEBC,Hindu,GANDHINAGAR,18000,HSC,76.0,2023-24,G.H.S.E.B,COMMERCE,0,active,Not Churn,0,Active
26BCA45476,BPCCS,6,Female,OPEN,Hindu,AHMEDABAD,18000,HSC,36.6,2023-24,G.H.S.E.B,COMMERCE,0,active,Not Churn,0,Active
26BCA45477,BPCCS,6,Male,SCST,Hindu,GANDHINAGAR,18000,HSC,43.3,2023-24,G.H.S.E.B,COMMERCE,0,active,Not Churn,0,Active
26BCA45478,BPCCS,6,Female,SEBC,Hindu,AHMEDABAD,18000,HSC,60.5,2023-24,G.H.S.E.B,COMMERCE,0,active,Not Churn,0,Active
26BCA45479,BPCCS,6,Male,OPEN,Jain,AHMEDABAD,18000,HSC,48.3,2023-24,G.H.S.E.B,COMMERCE,0,active,Not Churn,0,Active
26BCA45480,BPCCS,6,Male,SCST,Hindu,GANDHINAGAR,18000,HSC,61.7,2023-24,G.H.S.E.B,COMMERCE,0,active,Not Churn,0,Active
26BCA45481,BPCCS,6,Female,OPEN,Hindu,GANDHINAGAR,18000,HSC,49.7,2023-24,G.H.S.E.B,COMMERCE,0,active,Not Churn,0,Active
26BCA45482,BPCCS,6,Female,SEBC,Hindu,GANDHINAGAR,18000,HSC,68.7,2023-24,G.H.S.E.B,COMMERCE,0,active,Not Churn,0,Active
26BCA45483,BPCCS,6,Female,OPEN,Hindu,AHMEDABAD,18000,HSC,75.8,2022-23,G.H.S.E.B,COMMERCE,0,active,Not Churn,0,Active
26BCA45484,BPCCS,6,Female,OPEN,Hindu,AHMEDABAD,18000,HSC,56.1,2023-24,G.H.S.E.B,COMMERCE,0,active,Not Churn,0,Active
26BCA45485,BPCCS,6,Female,SEBC,Hindu,GANDHINAGAR,18000,HSC,67.1,2023-24,G.H.S.E.B,COMMERCE,0,active,Not Churn,0,Active
26BCA45486,BPCCS,6,Male,OPEN,Hindu,AMRELI,18000,HSC,68.9,2023-24,G.H.S.E.B,COMMERCE,0,active,Not Churn,0,Active
26BCA45487,BPCCS,6,Male,SEBC,Hindu,GANDHINAGAR,18000,HSC,56.5,2022-23,G.H.S.E.B,COMMERCE,0,active,Not Churn,0,Active
26BCA45488,BPCCS,6,Male,SCST,Hindu,GANDHINAGAR,18000,HSC,51.6,2023-24,G.H.S.E.B,ARTS,0,active,Not Churn,0,Active
26BCA45489,BPCCS,6,Male,OPEN,Hindu,GANDHINAGAR,18000,HSC,47.7,2023-24,G.H.S.E.B,COMMERCE,0,active,Not Churn,0,Active
26BCA45490,BPCCS,6,Male,OPEN,Hindu,SURENDRANAGAR,18000,HSC,52.6,2023-24,G.H.S.E.B,COMMERCE,0,active,Not Churn,0,Active
26BCA45491,BPCCS,6,Male,SEBC,Hindu,AHMEDABAD,18000,HSC,64.2,2023-24,G.H.S.E.B,COMMERCE,0,active,Not Churn,0,Active
26BCA45492,BPCCS,5,Male,OPEN,Hindu,SURENDRANAGAR,18000,HSC,61.5,2023-24,G.H.S.E.B,COMMERCE,0,active,Not Churn,0,Active
26BCA45493,BPCCS,6,Female,OPEN,Hindu,ARVALLI,18000,HSC,74.6,2023-24,G.H.S.E.B,COMMERCE,0,active,Not Churn,0,Active
26BCA45494,BPCCS,6,Female,OPEN,Hindu,GANDHINAGAR,18000,HSC,65.6,2023-24,G.H.S.E.B,COMMERCE,0,active,Not Churn,0,Active
26BCA45495,BPCCS,6,Female,SCST,Hindu,GANDHINAGAR,18000,HSC,67.8,2023-24,G.H.S.E.B,COMMERCE,0,active,Not Churn,0,Active
26BCA45496,BPCCS,6,Male,SCST,Hindu,SABARKANTHA,18000,HSC,51.6,2022-23,G.H.S.E.B,ARTS,0,active,Not Churn,0,Active
26BCA45497,BPCCS,6,Female,OPEN,Hindu,GANDHINAGAR,18000,HSC,61.5,2023-24,G.H.S.E.B,COMMERCE,0,active,Not Churn,0,Active
26BCA45498,BPCCS,6,Female,SEBC,Hindu,SURENDRANAGAR,18000,HSC,83.2,2023-24,G.H.S.E.B,COMMERCE,0,active,Not Churn,0,Active
26BCA45499,BPCCS,6,Male,OPEN,Hindu,GANDHINAGAR,18000,HSC,50.6,2023-24,G.H.S.E.B,COMMERCE,0,active,Not Churn,0,Active
26BCA45500,BPCCS,6,Male,SCST,Hindu,ARVALLI,18000,HSC,77.6,2023-24,G.H.S.E.B,ARTS,0,active,Not Churn,0,Active
26BCA45501,BPCCS,6,Female,SEBC,Hindu,GANDHINAGAR,18000,HSC,58.1,2023-24,G.H.S.E.B,COMMERCE,0,active,Not Churn,0,Active
26BCA45502,BPCCS,6,Male,SEBC,Hindu,GANDHINAGAR,18000,SSC,64.2,2021-22,GSEB,COMMERCE,0,active,Not Churn,0,Active
26BCA45503,BPCCS,5,Male,SEBC,Hindu,MORBI,18000,HSC,52.2,2023-24,G.H.S.E.B,COMMERCE,0,active,Not Churn,0,Active
26BCA45504,BPCCS,6,Male,OPEN,Muslim,MORBI,18000,HSC,74.3,2023-24,G.H.S.E.B,COMMERCE,0,active,Not Churn,0,Active
26BCA45505,BPCCS,6,Male,OPEN,Hindu,GANDHINAGAR,18000,HSC,60.9,2023-24,G.H.S.E.B,COMMERCE,0,active,Not Churn,0,Active
26BCA45506,BPCCS,6,Female,OPEN,Hindu,ANAND,18000,HSC,69.5,2023-24,G.H.S.E.B,COMMERCE,0,active,Not Churn,0,Active
26BCA45507,BPCCS,6,Female,OPEN,Hindu,GANDHINAGAR,18000,HSC,40.0,2023-24,G.H.S.E.B,COMMERCE,0,active,Not Churn,0,Active
26BCA45508,BPCCS,6,Male,OPEN,Hindu,GANDHINAGAR,18000,HSC,73.8,2023-24,G.H.S.E.B,COMMERCE,0,active,Not Churn,0,Active
26BCA45509,BPCCS,6,Female,OBC,Hindu,GANDHINAGAR,18000,HSC,58.3,2023-24,G.H.S.E.B,COMMERCE,0,active,Not Churn,0,Active
26BCA45510,BPCCS,6,Female,SEBC,Hindu,GANDHINAGAR,18000,HSC,67.1,2023-24,G.H.S.E.B,COMMERCE,0,active,Not Churn,0,Active
26BCA45511,BPCCS,6,Male,OPEN,Hindu,GANDHINAGAR,18000,HSC,44.7,2023-24,G.H.S.E.B,COMMERCE,0,active,Not Churn,0,Active
26BCA45512,BPCCS,6,Female,OPEN,Hindu,AHMEDABAD,18000,HSC,73.6,2023-24,G.H.S.E.B,COMMERCE,0,active,Not Churn,0,Active
26BCA45513,BPCCS,6,Male,OPEN,Hindu,JAMNAGAR,18000,HSC,66.1,2023-24,G.H.S.E.B,COMMERCE,0,active,Not Churn,0,Active
26BCA45514,BPCCS,6,Female,OPEN,Hindu,KHEDA,18000,HSC,77.0,2023-24,G.H.S.E.B,COMMERCE,0,active,Not Churn,0,Active
26BCA45515,BPCCS,6,Male,OPEN,Hindu,GANDHINAGAR,18000,HSC,58.1,2023-24,G.H.S.E.B,COMMERCE,0,active,Not Churn,0,Active
26BCA45516,BPCCS,6,Male,OPEN,Hindu,GANDHINAGAR,18000,HSC,45.2,2023-24,G.H.S.E.B,COMMERCE,0,active,Not Churn,0,Active
26BCA45517,BPCCS,6,Male,OBC,Hindu,GANDHINAGAR,18000,HSC,59.1,2023-24,CBSE,SCIENCE,0,active,Not Churn,0,Active
26BCA45518,BPCCS,6,Female,OPEN,Hindu,AHMEDABAD,18000,HSC,73.0,2023-24,G.H.S.E.B,COMMERCE,0,active,Not Churn,0,Active
26BCA45519,BPCCS,6,Male,OPEN,Hindu,MEHSANA,18000,HSC,46.3,2023-24,G.H.S.E.B,COMMERCE,0,active,Not Churn,0,Active
26BCA45520,BPCCS,6,Male,SEBC,Hindu,GANDHINAGAR,18000,HSC,64.8,2023-24,G.H.S.E.B,COMMERCE,0,active,Not Churn,0,Active
26BCA45521,BPCCS,6,Female,SCST,Hindu,BHAVNAGAR,18000,HSC,80.7,2023-24,G.H.S.E.B,ARTS,0,active,Not Churn,0,Active
26BCA45522,BPCCS,6,Female,OPEN,Hindu,MAHARASHTRA,18000,HSC,86.1,2023-24,Other,COMMERCE,0,active,Not Churn,0,Active
26BCA45523,BPCCS,6,Male,OPEN,Hindu,GANDHINAGAR,18000,HSC,49.7,2023-24,G.H.S.E.B,COMMERCE,0,active,Not Churn,0,Active
26BCA45524,BPCCS,2,Male,OBC,Hindu,GANDHINAGAR,18000,HSC,54.5,2023-24,G.H.S.E.B,ARTS,0,active,Not Churn,0,Active
26BCA45525,BPCCS,6,Female,OPEN,Hindu,GANDHINAGAR,18000,HSC,62.5,2023-24,G.H.S.E.B,COMMERCE,0,active,Not Churn,0,Active
26BCA45526,BPCCS,6,Female,OPEN,Hindu,AHMEDABAD,18000,HSC,45.2,2023-24,G.H.S.E.B,COMMERCE,0,active,Not Churn,0,Active
26BCA45527,BPCCS,6,Female,OPEN,Hindu,GANDHINAGAR,18000,HSC,72.3,2023-24,G.H.S.E.B,COMMERCE,0,active,Not Churn,0,Active
26BCA45528,BPCCS,6,Male,OPEN,Hindu,GANDHINAGAR,18000,HSC,85.7,2023-24,G.H.S.E.B,COMMERCE,0,active,Not Churn,0,Active
26BCA45529,BPCCS,6,Male,SEBC,Hindu,GANDHINAGAR,18000,HSC,44.4,2023-24,G.H.S.E.B,ARTS,0,active,Not Churn,0,Active
26BCA45530,BPCCS,6,Female,OPEN,Hindu,AHMEDABAD,18000,HSC,53.4,2022-23,G.H.S.E.B,SCIENCE,0,active,Not Churn,0,Active
26BCA45531,BPCCS,6,Male,OPEN,Hindu,GANDHINAGAR,18000,HSC,77.1,2023-24,G.H.S.E.B,COMMERCE,0,active,Not Churn,0,Active
26BCA45532,BPCCS,6,Female,OPEN,Hindu,SURENDRANAGAR,18000,HSC,70.5,2023-24,G.H.S.E.B,COMMERCE,0,active,Not Churn,0,Active
26BCA45533,BPCCS,6,Male,OPEN,Hindu,AHMEDABAD,18000,HSC,39.5,2023-24,G.H.S.E.B,COMMERCE,0,active,Not Churn,0,Active
26BCA45534,BPCCS,6,Female,OPEN,Hindu,GANDHINAGAR,18000,HSC,50.4,2023-24,G.H.S.E.B,COMMERCE,0,active,Not Churn,0,Active
26BCA45535,BPCCS,6,Female,SCST,Hindu,GANDHINAGAR,18000,HSC,54.6,2023-24,G.H.S.E.B,COMMERCE,0,active,Not Churn,0,Active
26BCA45536,BPCCS,6,Male,OPEN,Hindu,JUNAGADH,18000,HSC,75.4,2023-24,G.H.S.E.B,ARTS,0,active,Not Churn,0,Active
26BCA45537,BPCCS,6,Female,OPEN,Hindu,BANASKANTHA,18000,HSC,60.1,2023-24,G.H.S.E.B,COMMERCE,0,active,Not Churn,0,Active
26BCA45538,BPCCS,6,Male,OPEN,Hindu,GANDHINAGAR,18000,HSC,45.1,2023-24,G.H.S.E.B,COMMERCE,0,active,Not Churn,0,Active
26BCA45539,BPCCS,6,Female,OPEN,Hindu,BANASKANTHA,18000,HSC,61.0,2023-24,G.H.S.E.B,COMMERCE,0,active,Not Churn,0,Active
26BCA45540,BPCCS,6,Male,SEBC,Muslim,GANDHINAGAR,18000,HSC,47.7,2023-24,G.H.S.E.B,COMMERCE,0,active,Not Churn,0,Active
26BCA45541,BPCCS,6,Male,OBC,Hindu,AHMEDABAD,18000,HSC,60.0,2023-24,G.H.S.E.B,COMMERCE,0,active,Not Churn,0,Active
26BCA45542,BPCCS,6,Female,SEBC,Hindu,AHMEDABAD,18000,HSC,56.1,2023-24,G.H.S.E.B,COMMERCE,0,active,Not Churn,0,Active
26BCA45543,BPCCS,6,Male,OBC,Hindu,AHMEDABAD,18000,HSC,59.4,2023-24,G.H.S.E.B,COMMERCE,0,active,Not Churn,0,Active
26BCA45544,BPCCS,6,Male,SCST,Hindu,AHMEDABAD,18000,HSC,54.1,2023-24,G.H.S.E.B,COMMERCE,0,active,Not Churn,0,Active
26BCA45545,BPCCS,6,Male,SEBC,Hindu,GANDHINAGAR,18000,HSC,64.2,2023-24,G.H.S.E.B,COMMERCE,0,active,Not Churn,0,Active
26BCA45546,BPCCS,6,Female,OPEN,Hindu,GANDHINAGAR,18000,HSC,70.8,2023-24,G.H.S.E.B,COMMERCE,0,active,Not Churn,0,Active
26BCA45547,BPCCS,6,Female,OPEN,Hindu,KUTCH,18000,HSC,64.1,2023-24,G.H.S.E.B,COMMERCE,0,active,Not Churn,0,Active
26BCA45548,BPCCS,6,Female,SEBC,Hindu,KUTCH,18000,HSC,80.4,2023-24,G.H.S.E.B,COMMERCE,0,active,Not Churn,0,Active
26BCA45549,BPCCS,6,Female,SEBC,Hindu,GANDHINAGAR,18000,HSC,68.5,2023-24,G.H.S.E.B,COMMERCE,0,active,Not Churn,0,Active
26BCA45550,BPCCS,6,Male,SEBC,Hindu,SURENDRANAGAR,18000,HSC,75.5,2023-24,G.H.S.E.B,COMMERCE,0,active,Not Churn,0,Active
26BCA45551,BPCCS,6,Male,OBC,Hindu,AHMEDABAD,18000,HSC,60.2,2023-24,G.H.S.E.B,COMMERCE,0,active,Not Churn,0,Active
26BCA45552,BPCCS,6,Female,OPEN,Hindu,AHMEDABAD,18000,HSC,76.2,2023-24,G.H.S.E.B,COMMERCE,0,active,Not Churn,0,Active
26BCA45553,BPCCS,6,Male,OPEN,Hindu,BOTAD,18000,HSC,50.7,2023-24,G.H.S.E.B,COMMERCE,0,active,Not Churn,0,Active
26BCA45554,BPCCS,6,Male,OPEN,Hindu,MEHSANA,18000,HSC,47.1,2023-24,G.H.S.E.B,COMMERCE,0,active,Not Churn,0,Active
26BCA45555,BPCCS,6,Female,OPEN,Hindu,AHMEDABAD,18000,HSC,62.1,2023-24,G.H.S.E.B,COMMERCE,0,active,Not Churn,0,Active
26BCA45556,BPCCS,6,Female,OPEN,Hindu,GANDHINAGAR,18000,HSC,48.8,2023-24,G.H.S.E.B,COMMERCE,0,active,Not Churn,0,Active
26BCA45557,BPCCS,6,Male,OBC,Hindu,GANDHINAGAR,18000,HSC,80.1,2023-24,G.H.S.E.B,COMMERCE,0,active,Not Churn,0,Active
26BCA45558,BPCCS,6,Female,SCST,Hindu,GANDHINAGAR,18000,HSC,60.0,2023-24,G.H.S.E.B,COMMERCE,0,active,Not Churn,0,Active
26BCA45559,BPCCS,6,Male,OPEN,Muslim,MORBI,18000,HSC,63.2,2023-24,G.H.S.E.B,COMMERCE,0,active,Not Churn,0,Active
26BCA45560,BPCCS,6,Male,SEBC,Muslim,GANDHINAGAR,18000,HSC,47.4,2023-24,G.H.S.E.B,COMMERCE,0,active,Not Churn,0,Active
26BCA45561,BPCCS,6,Male,OPEN,Hindu,GANDHINAGAR,18000,HSC,71.9,2023-24,G.H.S.E.B,COMMERCE,0,active,Not Churn,0,Active
26BCA45562,BPCCS,6,Female,OPEN,Hindu,GANDHINAGAR,18000,HSC,39.8,2023-24,G.H.S.E.B,COMMERCE,0,active,Not Churn,0,Active
26BCA45563,BPCCS,6,Male,SEBC,Hindu,BOTAD,18000,HSC,83.1,2023-24,G.H.S.E.B,ARTS,0,active,Not Churn,0,Active
26BCA45564,BPCCS,6,Male,OPEN,Hindu,SURENDRANAGAR,18000,HSC,44.2,2023-24,G.H.S.E.B,COMMERCE,0,active,Not Churn,0,Active
26BCA45565,BPCCS,6,Male,OBC,Hindu,GANDHINAGAR,18000,HSC,41.8,2023-24,G.H.S.E.B,COMMERCE,0,active,Not Churn,0,Active
26BCA45566,BPCCS,6,Male,OPEN,Hindu,GANDHINAGAR,18000,HSC,54.8,2023-24,G.H.S.E.B,COMMERCE,0,active,Not Churn,0,Active
26BCA45567,BPCCS,6,Female,SEBC,Hindu,AHMEDABAD,18000,HSC,56.9,2023-24,G.H.S.E.B,COMMERCE,0,active,Not Churn,0,Active
26BCA45568,BPCCS,6,Female,OPEN,Hindu,GANDHINAGAR,18000,HSC,74.1,2023-24,G.H.S.E.B,COMMERCE,0,active,Not Churn,0,Active
26BCA45569,BPCCS,6,Female,OPEN,Hindu,AHMEDABAD,18000,SSC,62.8,2021-22,GSEB,COMMERCE,0,active,Not Churn,0,Active
26BCA45570,BPCCS,6,Male,OBC,Hindu,AHMEDABAD,18000,HSC,66.1,2023-24,G.H.S.E.B,COMMERCE,0,active,Not Churn,0,Active
26BCA45571,BPCCS,6,Female,SCST,Hindu,BHAVNAGAR,18000,HSC,79.5,2023-24,G.H.S.E.B,ARTS,0,active,Not Churn,0,Active
26BCA45572,BPCCS,4,Male,OPEN,Hindu,GANDHINAGAR,18000,HSC,55.5,2023-24,G.H.S.E.B,ARTS,0,active,Not Churn,0,Active
26BCA45573,BPCCS,6,Female,SCST,Hindu,BHAVNAGAR,18000,HSC,79.4,2023-24,G.H.S.E.B,ARTS,0,active,Not Churn,0,Active
26BCA45574,BPCCS,6,Male,OPEN,Hindu,AHMEDABAD,18000,HSC,56.3,2023-24,G.H.S.E.B,COMMERCE,0,active,Not Churn,0,Active
26BCA45575,BPCCS,6,Male,OPEN,Muslim,MORBI,18000,HSC,73.9,2023-24,G.H.S.E.B,COMMERCE,0,active,Not Churn,0,Active
26BCA45576,BPCCS,6,Male,OPEN,Muslim,BHAVNAGAR,18000,HSC,61.9,2023-24,G.H.S.E.B,COMMERCE,0,active,Not Churn,0,Active
26BCA45577,BPCCS,6,Male,SEBC,Muslim,GANDHINAGAR,18000,HSC,64.0,2023-24,G.H.S.E.B,COMMERCE,0,active,Not Churn,0,Active
26BCA45578,BPCCS,6,Female,OPEN,Hindu,JAMNAGAR,18000,HSC,44.6,2023-24,G.H.S.E.B,COMMERCE,0,active,Not Churn,0,Active
26BCA45579,BPCCS,6,Male,OPEN,Hindu,MEHSANA,18000,HSC,83.4,2023-24,G.H.S.E.B,COMMERCE,0,active,Not Churn,0,Active
26BCA45580,BPCCS,6,Male,OPEN,Hindu,AMRELI,18000,HSC,67.0,2023-24,G.H.S.E.B,COMMERCE,0,active,Not Churn,0,Active
26BCA45581,BPCCS,6,Female,OPEN,Hindu,ANAND,18000,HSC,68.6,2023-24,G.H.S.E.B,COMMERCE,0,active,Not Churn,0,Active
26BCA45582,BPCCS,6,Female,OPEN,Hindu,RAJKOT,18000,HSC,76.7,2023-24,G.H.S.E.B,COMMERCE,0,active,Not Churn,0,Active
26BCA45583,BPCCS,6,Male,OPEN,Muslim,BHAVNAGAR,18000,HSC,61.3,2023-24,G.H.S.E.B,COMMERCE,0,active,Not Churn,0,Active
26BCA45584,BPCCS,6,Male,OPEN,Hindu,GANDHINAGAR,18000,HSC,75.4,2023-24,G.H.S.E.B,COMMERCE,0,active,Not Churn,0,Active
26BCA45585,BPCCS,6,Female,OPEN,Hindu,GANDHINAGAR,18000,HSC,76.0,2023-24,G.H.S.E.B,COMMERCE,0,active,Not Churn,0,Active
26BCA45586,BPCCS,6,Male,OPEN,Hindu,DEVBHUMI DWARKA,18000,HSC,53.0,2023-24,G.H.S.E.B,COMMERCE,0,active,Not Churn,0,Active
26BCA45587,BPCCS,6,Female,SEBC,Hindu,GANDHINAGAR,18000,HSC,53.3,2023-24,G.H.S.E.B,COMMERCE,0,active,Not Churn,0,Active
26BCA45588,BPCCS,6,Male,OPEN,Hindu,SABARKANTHA,18000,HSC,59.1,2023-24,G.H.S.E.B,COMMERCE,0,active,Not Churn,0,Active
26BCA45589,BPCCS,6,Female,SEBC,Hindu,GANDHINAGAR,18000,HSC,51.5,2023-24,G.H.S.E.B,COMMERCE,0,active,Not Churn,0,Active
26BCA45590,BPCCS,6,Male,SEBC,Muslim,GANDHINAGAR,18000,HSC,71.6,2023-24,G.H.S.E.B,COMMERCE,0,active,Not Churn,0,Active
26TBCA40001,SVICS-G,3,Male,SEBC,Hindu,SURENDRANAGAR,27000,HSC,70.6,2023-24,G.H.S.E.B,ARTS,0,dropout_mid,Churn,0,Active
26TBCA40002,SVICS-G,3,Female,SEBC,Hindu,AMRELI,27000,HSC,80.4,2023-24,G.H.S.E.B,COMMERCE,0,dropout_mid,Churn,0,Active
26TBCA40003,SVICS-G,3,Male,SEBC,Hindu,GANDHINAGAR,27000,HSC,63.7,2023-24,G.H.S.E.B,COMMERCE,0,dropout_mid,Churn,0,Active
26TBCA40004,SVICS-G,3,Female,OBC,Hindu,GANDHINAGAR,27000,HSC,73.6,2023-24,G.H.S.E.B,COMMERCE,0,dropout_mid,Churn,0,Active
26TBCA40005,SVICS-G,3,Male,SEBC,Hindu,PORBANDAR,27000,HSC,39.9,2023-24,G.H.S.E.B,ARTS,0,dropout_mid,Churn,0,Active
26TBCA40006,SVICS-G,3,Male,OBC,Hindu,AHMEDABAD,27000,HSC,51.1,2023-24,G.H.S.E.B,COMMERCE,0,dropout_mid,Churn,0,Active
26BCA45591,BPCCS,3,Female,SEBC,Hindu,AHMEDABAD,18000,HSC,54.3,2023-24,G.H.S.E.B,COMMERCE,0,dropout_mid,Churn,0,Active
26TBCA40007,SVICS-G,3,Male,OBC,Hindu,BOTAD,27000,HSC,40.7,2023-24,G.H.S.E.B,COMMERCE,0,dropout_mid,Churn,0,Active
26TBCA40008,SVICS-G,3,Female,SEBC,Hindu,GANDHINAGAR,27000,HSC,61.6,2023-24,G.H.S.E.B,COMMERCE,0,dropout_mid,Churn,0,Active
26TBCA40009,SVICS-G,3,Male,OPEN,Hindu,GANDHINAGAR,27000,HSC,57.8,2023-24,G.H.S.E.B,COMMERCE,0,dropout_mid,Churn,0,Active
26TBCA40010,SVICS-G,3,Male,SEBC,Hindu,AHMEDABAD,27000,HSC,56.5,2023-24,G.H.S.E.B,COMMERCE,0,dropout_mid,Churn,0,Active
26TBCA40011,SVICS-G,3,Male,OBC,Muslim,SURENDRANAGAR,27000,HSC,70.8,2023-24,CBSE,ARTS,0,dropout_mid,Churn,0,Active
26TBCA40012,SVICS-G,3,Male,OPEN,Hindu,GANDHINAGAR,27000,HSC,58.9,2023-24,G.H.S.E.B,COMMERCE,0,dropout_mid,Churn,0,Active
26TBCA40013,SVICS-G,3,Male,OBC,Hindu,GANDHINAGAR,27000,HSC,46.6,2023-24,G.H.S.E.B,COMMERCE,0,dropout_mid,Churn,0,Active
26TBCA40014,SVICS-G,3,Male,SEBC,Hindu,DAHOD,27000,HSC,66.9,2023-24,G.H.S.E.B,ARTS,0,dropout_mid,Churn,0,Active
26TBCA40015,SVICS-G,3,Male,SEBC,Hindu,BANASKANTHA,27000,HSC,71.8,2023-24,G.H.S.E.B,ARTS,0,dropout_mid,Churn,0,Active
26TBCA40016,SVICS-G,3,Female,SEBC,Hindu,GANDHINAGAR,27000,HSC,59.0,2023-24,G.H.S.E.B,COMMERCE,0,dropout_mid,Churn,0,Active
26TBCA40017,SVICS-G,3,Female,SEBC,Hindu,GANDHINAGAR,27000,HSC,60.2,2023-24,G.H.S.E.B,COMMERCE,0,dropout_mid,Churn,0,Active
26TBCA40018,SVICS-G,3,Male,SEBC,Hindu,AHMEDABAD,27000,HSC,54.3,2023-24,G.H.S.E.B,COMMERCE,0,dropout_mid,Churn,0,Active
26TBCA40019,SVICS-G,3,Female,OPEN,Hindu,GANDHINAGAR,27000,HSC,71.7,2023-24,G.H.S.E.B,COMMERCE,0,dropout_mid,Churn,0,Active
26TBCA40020,SVICS-G,3,Male,OPEN,Hindu,GANDHINAGAR,27000,HSC,49.0,2023-24,G.H.S.E.B,COMMERCE,0,dropout_mid,Churn,0,Active
26TBCA40021,SVICS-G,3,Female,OPEN,Hindu,SURENDRANAGAR,27000,HSC,68.4,2023-24,G.H.S.E.B,COMMERCE,0,dropout_mid,Churn,0,Active
26TBCA40022,SVICS-G,3,Male,OPEN,Hindu,SURENDRANAGAR,27000,HSC,73.7,2023-24,G.H.S.E.B,COMMERCE,0,dropout_mid,Churn,0,Active
26TBCA40023,SVICS-G,3,Female,SEBC,Hindu,GANDHINAGAR,27000,HSC,73.2,2023-24,G.H.S.E.B,COMMERCE,0,dropout_mid,Churn,0,Active
26TBCA40024,SVICS-G,3,Male,OPEN,Hindu,GANDHINAGAR,27000,HSC,69.3,2023-24,G.H.S.E.B,ARTS,0,dropout_mid,Churn,0,Active
26TBCA40025,SVICS-G,3,Female,SEBC,Hindu,BANASKANTHA,27000,HSC,82.0,2023-24,G.H.S.E.B,COMMERCE,0,dropout_mid,Churn,0,Active
26TBCA40026,SVICS-G,3,Male,SEBC,Hindu,AHMEDABAD,27000,HSC,68.6,2023-24,G.H.S.E.B,COMMERCE,0,dropout_mid,Churn,0,Active
26TBCA40027,SVICS-G,3,Male,SEBC,Hindu,AHMEDABAD,27000,HSC,80.5,2023-24,G.H.S.E.B,COMMERCE,0,dropout_mid,Churn,0,Active
26TBCA40028,SVICS-G,3,Male,OBC,Hindu,DEVBHUMI DWARKA,27000,HSC,75.8,2023-24,G.H.S.E.B,COMMERCE,0,dropout_mid,Churn,0,Active
26TBCA40029,SVICS-G,3,Female,OPEN,Hindu,AHMEDABAD,27000,HSC,65.5,2023-24,G.H.S.E.B,COMMERCE,0,dropout_mid,Churn,0,Active
26TBCA40030,SVICS-G,3,Male,OBC,Muslim,SURENDRANAGAR,27000,HSC,71.9,2023-24,CBSE,ARTS,0,dropout_mid,Churn,0,Active
26TBCA40031,SVICS-G,3,Female,SEBC,Hindu,AHMEDABAD,27000,HSC,52.7,2023-24,G.H.S.E.B,COMMERCE,0,dropout_mid,Churn,0,Active
26TBCA40032,SVICS-G,3,Female,SEBC,Hindu,GANDHINAGAR,27000,HSC,45.8,2023-24,G.H.S.E.B,COMMERCE,0,dropout_mid,Churn,0,Active
26TBCA40033,SVICS-G,3,Male,SCST,Hindu,GANDHINAGAR,27000,HSC,44.8,2023-24,G.H.S.E.B,COMMERCE,0,dropout_mid,Churn,0,Active
26TBCA40034,SVICS-G,3,Male,OPEN,Hindu,AHMEDABAD,27000,HSC,58.6,2023-24,G.H.S.E.B,COMMERCE,0,dropout_mid,Churn,0,Active
26TBCA40035,SVICS-G,3,Female,SEBC,Hindu,GANDHINAGAR,27000,HSC,68.5,2023-24,G.H.S.E.B,ARTS,0,dropout_mid,Churn,0,Active
26TBCA40036,SVICS-G,3,Male,OPEN,Hindu,GANDHINAGAR,27000,HSC,48.9,2023-24,G.H.S.E.B,COMMERCE,0,dropout_mid,Churn,0,Active
26TBCA40037,SVICS-G,3,Male,SEBC,Hindu,GIR SOMNATH,27000,HSC,64.1,2023-24,G.H.S.E.B,COMMERCE,0,dropout_mid,Churn,0,Active
26TBCA40038,SVICS-G,3,Male,SEBC,Hindu,AHMEDABAD,27000,HSC,44.9,2023-24,G.H.S.E.B,COMMERCE,0,dropout_mid,Churn,0,Active
26TBCA40039,SVICS-G,3,Male,SEBC,Hindu,GANDHINAGAR,27000,HSC,71.1,2023-24,G.H.S.E.B,COMMERCE,0,dropout_mid,Churn,0,Active
26TBCA40040,SVICS-G,3,Male,SEBC,Hindu,SURENDRANAGAR,27000,HSC,72.1,2023-24,G.H.S.E.B,COMMERCE,0,dropout_mid,Churn,0,Active
26TBCA40041,SVICS-G,3,Female,OPEN,Hindu,GANDHINAGAR,27000,HSC,53.8,2023-24,G.H.S.E.B,COMMERCE,0,dropout_mid,Churn,0,Active
26TBCA40042,SVICS-G,3,Male,OPEN,Hindu,GANDHINAGAR,27000,HSC,66.2,2023-24,G.H.S.E.B,COMMERCE,0,dropout_mid,Churn,0,Active
26TBCA40043,SVICS-G,3,Female,OPEN,Hindu,GANDHINAGAR,27000,HSC,59.2,2023-24,G.H.S.E.B,ARTS,0,dropout_mid,Churn,0,Active
26TBCA40044,SVICS-G,3,Female,SCST,Hindu,AHMEDABAD,27000,HSC,74.8,2023-24,G.H.S.E.B,COMMERCE,0,dropout_mid,Churn,0,Active
26TBCA40045,SVICS-G,3,Male,SEBC,Muslim,AHMEDABAD,27000,HSC,45.1,2023-24,G.H.S.E.B,COMMERCE,0,dropout_mid,Churn,0,Active
26TBCA40046,SVICS-G,3,Female,OPEN,Hindu,AHMEDABAD,27000,HSC,61.8,2023-24,G.H.S.E.B,ARTS,0,dropout_mid,Churn,0,Active
26TBCA40047,SVICS-G,3,Male,OPEN,Hindu,MORBI,27000,HSC,44.6,2023-24,G.H.S.E.B,COMMERCE,0,dropout_mid,Churn,0,Active
26TBCA40048,SVICS-G,3,Female,OBC,Muslim,GANDHINAGAR,27000,HSC,56.3,2023-24,G.H.S.E.B,COMMERCE,0,dropout_mid,Churn,0,Active
26TBCA40049,SVICS-G,3,Male,OPEN,Hindu,GANDHINAGAR,27000,HSC,49.1,2023-24,G.H.S.E.B,COMMERCE,0,dropout_mid,Churn,0,Active
26TBCA40050,SVICS-G,3,Male,OPEN,Hindu,GANDHINAGAR,27000,HSC,61.0,2023-24,G.H.S.E.B,COMMERCE,0,dropout_mid,Churn,0,Active
26TBCA40051,SVICS-G,3,Male,SEBC,Hindu,AHMEDABAD,27000,HSC,43.2,2023-24,G.H.S.E.B,COMMERCE,0,dropout_mid,Churn,0,Active
26TBCA40052,SVICS-G,3,Male,OPEN,Hindu,SURENDRANAGAR,27000,HSC,79.0,2023-24,G.H.S.E.B,COMMERCE,0,dropout_mid,Churn,0,Active
26TBCA40053,SVICS-G,3,Male,OPEN,Hindu,RAJKOT,27000,HSC,72.1,2023-24,G.H.S.E.B,COMMERCE,0,dropout_mid,Churn,0,Active
26TBCA40054,SVICS-G,3,Female,OPEN,Hindu,AHMEDABAD,27000,HSC,58.7,2023-24,G.H.S.E.B,COMMERCE,0,dropout_mid,Churn,0,Active
26TBCA40055,SVICS-G,3,Male,OPEN,Hindu,GANDHINAGAR,27000,HSC,57.6,2023-24,G.H.S.E.B,COMMERCE,0,dropout_mid,Churn,0,Active
26TBCA40056,SVICS-G,3,Male,OPEN,Hindu,GANDHINAGAR,27000,HSC,63.1,2023-24,G.H.S.E.B,COMMERCE,0,dropout_mid,Churn,0,Active
26TBCA40057,SVICS-G,3,Male,OPEN,Hindu,GIR SOMNATH,27000,HSC,74.8,2023-24,G.H.S.E.B,COMMERCE,0,dropout_mid,Churn,0,Active
26TBCA40058,SVICS-G,3,Male,SEBC,Hindu,AHMEDABAD,27000,HSC,58.9,2023-24,G.H.S.E.B,COMMERCE,0,dropout_mid,Churn,0,Active
26TBCA40059,SVICS-G,3,Female,OPEN,Jain,GANDHINAGAR,27000,HSC,49.8,2023-24,G.H.S.E.B,COMMERCE,0,dropout_mid,Churn,0,Active
26TBCA40060,SVICS-G,3,Female,OPEN,Hindu,ARVALLI,27000,HSC,54.7,2023-24,G.H.S.E.B,COMMERCE,0,dropout_mid,Churn,0,Active
26TBCA40061,SVICS-G,3,Male,SCST,Hindu,GANDHINAGAR,27000,HSC,44.1,2023-24,G.H.S.E.B,COMMERCE,0,dropout_mid,Churn,0,Active
26TBCA40062,SVICS-G,3,Male,SCST,Hindu,GANDHINAGAR,27000,HSC,63.8,2022-23,G.H.S.E.B,COMMERCE,0,dropout_mid,Churn,0,Active
26TBCA40063,SVICS-G,3,Male,OBC,Hindu,AHMEDABAD,27000,HSC,41.3,2023-24,G.H.S.E.B,COMMERCE,0,dropout_mid,Churn,0,Active
26TBCA40064,SVICS-G,3,Male,SEBC,Hindu,AHMEDABAD,27000,HSC,39.5,2023-24,G.H.S.E.B,COMMERCE,0,dropout_mid,Churn,0,Active
26TBCA40065,SVICS-G,3,Male,SCST,Hindu,GANDHINAGAR,27000,HSC,50.9,2023-24,G.H.S.E.B,COMMERCE,0,dropout_mid,Churn,0,Active
26TBCA40066,SVICS-G,3,Female,OPEN,Hindu,GIR SOMNATH,27000,HSC,76.8,2023-24,G.H.S.E.B,COMMERCE,0,dropout_mid,Churn,0,Active
26TBCA40067,SVICS-G,3,Male,OPEN,Hindu,GANDHINAGAR,27000,HSC,47.9,2023-24,G.H.S.E.B,COMMERCE,0,dropout_mid,Churn,0,Active
26TBCA40068,SVICS-G,3,Female,OBC,Hindu,GANDHINAGAR,27000,HSC,83.2,2023-24,G.H.S.E.B,COMMERCE,0,dropout_mid,Churn,0,Active
26TBCA40069,SVICS-G,3,Male,SEBC,Hindu,AHMEDABAD,27000,HSC,48.3,2023-24,G.H.S.E.B,COMMERCE,0,dropout_mid,Churn,0,Active
26TBCA40070,SVICS-G,3,Female,OPEN,Hindu,GIR SOMNATH,27000,HSC,74.2,2023-24,G.H.S.E.B,COMMERCE,0,dropout_mid,Churn,0,Active
26TBCA40071,SVICS-G,3,Male,OPEN,Christian,GANDHINAGAR,27000,HSC,73.6,2022-23,G.H.S.E.B,COMMERCE,0,dropout_mid,Churn,0,Active
26TBCA40072,SVICS-G,3,Male,OBC,Hindu,AHMEDABAD,27000,HSC,42.9,2023-24,G.H.S.E.B,ARTS,0,dropout_mid,Churn,0,Active
26TBCA40073,SVICS-G,3,Female,SEBC,Hindu,MEHSANA,27000,SSC,70.1,2021-22,GSEB,COMMERCE,0,dropout_mid,Churn,0,Active
26TBCA40074,SVICS-G,3,Male,OPEN,Hindu,MORBI,27000,HSC,42.1,2023-24,G.H.S.E.B,COMMERCE,0,dropout_mid,Churn,0,Active
26TBCA40075,SVICS-G,3,Male,OPEN,Hindu,AHMEDABAD,27000,HSC,65.7,2023-24,G.H.S.E.B,COMMERCE,0,dropout_mid,Churn,0,Active
26TBCA40076,SVICS-G,3,Male,OPEN,Hindu,MEHSANA,27000,HSC,39.5,2023-24,G.H.S.E.B,ARTS,0,dropout_mid,Churn,0,Active
26BCA45592,BPCCS,3,Female,OPEN,Hindu,AHMEDABAD,18000,HSC,56.3,2023-24,G.H.S.E.B,COMMERCE,0,dropout_mid,Churn,0,Active
26TBCA40077,SVICS-G,3,Male,OPEN,Hindu,GANDHINAGAR,27000,HSC,60.7,2023-24,G.H.S.E.B,COMMERCE,0,dropout_mid,Churn,0,Active
26BCA45593,BPCCS,3,Male,OPEN,Hindu,JUNAGADH,18000,HSC,52.3,2023-24,G.H.S.E.B,COMMERCE,0,dropout_mid,Churn,0,Active
26TBCA40078,SVICS-G,3,Female,OPEN,Hindu,AHMEDABAD,27000,HSC,66.7,2023-24,G.H.S.E.B,COMMERCE,0,dropout_mid,Churn,0,Active
26TBCA40079,SVICS-G,3,Female,SEBC,Hindu,GANDHINAGAR,27000,HSC,81.8,2023-24,G.H.S.E.B,COMMERCE,0,dropout_mid,Churn,0,Active
26TBCA40080,SVICS-G,3,Male,OBC,Hindu,AHMEDABAD,27000,HSC,47.0,2023-24,G.H.S.E.B,COMMERCE,0,dropout_mid,Churn,0,Active
26TBCA40081,SVICS-G,3,Male,SEBC,Hindu,SURENDRANAGAR,27000,HSC,68.8,2023-24,G.H.S.E.B,ARTS,0,dropout_mid,Churn,0,Active
26TBCA40082,SVICS-G,3,Male,OBC,Hindu,SURENDRANAGAR,27000,HSC,53.3,2023-24,G.H.S.E.B,COMMERCE,0,dropout_mid,Churn,0,Active
26TBCA40083,SVICS-G,3,Female,OPEN,Hindu,GANDHINAGAR,27000,HSC,62.1,2023-24,G.H.S.E.B,COMMERCE,0,dropout_mid,Churn,0,Active
26TBCA40084,SVICS-G,3,Male,OPEN,Hindu,MEHSANA,27000,HSC,40.6,2023-24,G.H.S.E.B,ARTS,0,dropout_mid,Churn,0,Active
26TBCA40085,SVICS-G,3,Male,SEBC,Hindu,GANDHINAGAR,27000,HSC,54.2,2023-24,G.H.S.E.B,COMMERCE,0,dropout_mid,Churn,0,Active
26TBCA40086,SVICS-G,3,Female,SEBC,Hindu,SURENDRANAGAR,27000,HSC,75.6,2023-24,G.H.S.E.B,COMMERCE,0,dropout_mid,Churn,0,Active
26TBCA40087,SVICS-G,3,Male,OBC,Hindu,ARVALLI,27000,HSC,49.6,2023-24,G.H.S.E.B,COMMERCE,0,dropout_mid,Churn,0,Active
26TBCA40088,SVICS-G,3,Male,SEBC,Hindu,AHMEDABAD,27000,HSC,58.2,2023-24,G.H.S.E.B,COMMERCE,0,dropout_mid,Churn,0,Active
26TBCA40089,SVICS-G,3,Female,OPEN,Hindu,GANDHINAGAR,27000,HSC,58.9,2023-24,G.H.S.E.B,ARTS,0,dropout_mid,Churn,0,Active
26TBCA40090,SVICS-G,3,Male,SEBC,Muslim,GANDHINAGAR,27000,HSC,46.7,2023-24,G.H.S.E.B,COMMERCE,0,dropout_mid,Churn,0,Active
26TBCA40091,SVICS-G,3,Male,OPEN,Hindu,GANDHINAGAR,27000,HSC,62.3,2023-24,G.H.S.E.B,COMMERCE,0,dropout_mid,Churn,0,Active
26TBCA40092,SVICS-G,3,Female,OPEN,Hindu,MEHSANA,27000,HSC,54.9,2023-24,G.H.S.E.B,COMMERCE,0,dropout_mid,Churn,0,Active
26TBCA40093,SVICS-G,3,Male,OBC,Hindu,AHMEDABAD,27000,HSC,51.9,2023-24,G.H.S.E.B,COMMERCE,0,dropout_mid,Churn,0,Active
26BCA45594,BPCCS,3,Male,SEBC,Hindu,AHMEDABAD,18000,HSC,62.4,2023-24,G.H.S.E.B,COMMERCE,0,dropout_mid,Churn,0,Active
26TBCA40094,SVICS-G,3,Male,SEBC,Hindu,GIR SOMNATH,27000,HSC,66.5,2023-24,G.H.S.E.B,COMMERCE,0,dropout_mid,Churn,0,Active
26TBCA40095,SVICS-G,3,Male,OBC,Hindu,AHMEDABAD,27000,HSC,42.8,2023-24,G.H.S.E.B,COMMERCE,0,dropout_mid,Churn,0,Active
26TBCA40096,SVICS-G,3,Male,OPEN,Hindu,AHMEDABAD,27000,HSC,78.5,2022-23,G.H.S.E.B,COMMERCE,0,dropout_mid,Churn,0,Active
26BCA45595,BPCCS,3,Female,SCST,Hindu,GANDHINAGAR,18000,HSC,41.7,2023-24,G.H.S.E.B,ARTS,0,dropout_mid,Churn,0,Active
26TBCA40097,SVICS-G,3,Female,OPEN,Hindu,GANDHINAGAR,27000,HSC,55.9,2022-23,G.H.S.E.B,SCIENCE,0,dropout_mid,Churn,0,Active
26TBCA40098,SVICS-G,3,Female,OPEN,Hindu,GANDHINAGAR,27000,HSC,57.7,2023-24,G.H.S.E.B,COMMERCE,0,dropout_mid,Churn,0,Active
26TBCA40099,SVICS-G,3,Female,SEBC,Hindu,AHMEDABAD,27000,HSC,55.4,2023-24,G.H.S.E.B,COMMERCE,0,dropout_mid,Churn,0,Active
26TBCA40100,SVICS-G,3,Male,OPEN,Hindu,AHMEDABAD,27000,HSC,54.4,2023-24,G.H.S.E.B,COMMERCE,0,dropout_mid,Churn,0,Active
26TBCA40101,SVICS-G,3,Female,SEBC,Hindu,GANDHINAGAR,27000,HSC,65.3,2023-24,G.H.S.E.B,SCIENCE,0,dropout_mid,Churn,0,Active
26TBCA40102,SVICS-G,3,Female,OPEN,Hindu,MEHSANA,27000,HSC,52.9,2023-24,G.H.S.E.B,COMMERCE,0,dropout_mid,Churn,0,Active
26TBCA40103,SVICS-G,3,Female,SEBC,Hindu,AHMEDABAD,27000,HSC,53.2,2023-24,G.H.S.E.B,COMMERCE,0,dropout_mid,Churn,0,Active
26TBCA40104,SVICS-G,3,Male,SCST,Hindu,SABARKANTHA,27000,HSC,52.0,2023-24,G.H.S.E.B,COMMERCE,0,dropout_mid,Churn,0,Active
26TBCA40105,SVICS-G,3,Male,SEBC,Hindu,BANASKANTHA,27000,HSC,57.0,2023-24,G.H.S.E.B,COMMERCE,0,dropout_mid,Churn,0,Active
26TBCA40106,SVICS-G,3,Female,SCST,Hindu,AHMEDABAD,27000,HSC,50.8,2023-24,G.H.S.E.B,COMMERCE,0,dropout_mid,Churn,0,Active
26TBCA40107,SVICS-G,3,Male,OPEN,Hindu,AMRELI,27000,HSC,57.9,2023-24,G.H.S.E.B,COMMERCE,0,dropout_mid,Churn,0,Active
26TBCA40108,SVICS-G,3,Male,SCST,Hindu,GANDHINAGAR,27000,HSC,69.5,2023-24,GSEB,COMMERCE,0,dropout_mid,Churn,0,Active
26TBCA40109,SVICS-G,3,Male,OPEN,Hindu,ANAND,27000,HSC,56.6,2023-24,G.H.S.E.B,COMMERCE,0,dropout_mid,Churn,0,Active
26TBCA40110,SVICS-G,3,Male,OPEN,Hindu,GANDHINAGAR,27000,HSC,47.2,2023-24,G.H.S.E.B,COMMERCE,0,dropout_mid,Churn,0,Active
26TBCA40111,SVICS-G,3,Male,OPEN,Hindu,KUTCH,27000,HSC,61.7,2023-24,G.H.S.E.B,COMMERCE,0,dropout_mid,Churn,0,Active
26TBCA40112,SVICS-G,3,Male,OPEN,Christian,GANDHINAGAR,27000,HSC,73.7,2022-23,G.H.S.E.B,COMMERCE,0,dropout_mid,Churn,0,Active
26TBCA40113,SVICS-G,3,Male,OBC,Hindu,GANDHINAGAR,27000,HSC,41.9,2023-24,G.H.S.E.B,ARTS,0,dropout_mid,Churn,0,Active
26BCA45596,BPCCS,3,Male,OPEN,Hindu,GANDHINAGAR,18000,HSC,48.4,2023-24,G.H.S.E.B,COMMERCE,0,dropout_mid,Churn,0,Active
26TBCA40114,SVICS-G,3,Male,SCST,Hindu,GANDHINAGAR,27000,HSC,56.1,2022-23,G.H.S.E.B,ARTS,0,dropout_mid,Churn,0,Active
26TBCA40115,SVICS-G,3,Female,SEBC,Hindu,GANDHINAGAR,27000,HSC,82.2,2023-24,G.H.S.E.B,COMMERCE,0,dropout_mid,Churn,0,Active
26TBCA40116,SVICS-G,3,Male,SEBC,Hindu,GANDHINAGAR,27000,HSC,62.0,2023-24,G.H.S.E.B,ARTS,0,dropout_mid,Churn,0,Active
26BCA45597,BPCCS,3,Male,SEBC,Muslim,ARVALLI,18000,HSC,69.7,2023-24,G.H.S.E.B,COMMERCE,0,dropout_mid,Churn,0,Active
26TBCA40117,SVICS-G,3,Male,OPEN,Hindu,AHMEDABAD,27000,HSC,63.7,2023-24,G.H.S.E.B,COMMERCE,0,dropout_mid,Churn,0,Active
26TBCA40118,SVICS-G,3,Female,OPEN,Hindu,ARVALLI,27000,HSC,50.8,2023-24,G.H.S.E.B,COMMERCE,0,dropout_mid,Churn,0,Active
26TBCA40119,SVICS-G,3,Male,SEBC,Hindu,MEHSANA,27000,HSC,73.4,2023-24,G.H.S.E.B,ARTS,0,dropout_mid,Churn,0,Active
26BCA45598,BPCCS,3,Female,OPEN,Muslim,GANDHINAGAR,18000,HSC,87.1,2023-24,G.H.S.E.B,COMMERCE,0,dropout_mid,Churn,0,Active
26TBCA40120,SVICS-G,3,Female,OPEN,Muslim,SABARKANTHA,27000,HSC,55.3,2023-24,G.H.S.E.B,COMMERCE,0,dropout_mid,Churn,0,Active
26BCA45599,BPCCS,3,Male,SEBC,Muslim,ARVALLI,18000,HSC,69.9,2023-24,G.H.S.E.B,COMMERCE,0,dropout_mid,Churn,0,Active
26TBCA40121,SVICS-G,3,Female,OPEN,Hindu,GANDHINAGAR,27000,HSC,60.1,2023-24,G.H.S.E.B,COMMERCE,0,dropout_mid,Churn,0,Active
26TBCA40122,SVICS-G,3,Female,OPEN,Hindu,GANDHINAGAR,27000,HSC,58.8,2023-24,G.H.S.E.B,COMMERCE,0,dropout_mid,Churn,0,Active
26TBCA40123,SVICS-G,3,Male,SEBC,Hindu,AHMEDABAD,27000,HSC,76.9,2023-24,G.H.S.E.B,COMMERCE,0,dropout_mid,Churn,0,Active
26TBCA40124,SVICS-G,3,Male,OPEN,Hindu,BANASKANTHA,27000,HSC,54.9,2023-24,G.H.S.E.B,COMMERCE,0,dropout_mid,Churn,0,Active
26TBCA40125,SVICS-G,3,Female,SEBC,Hindu,BANASKANTHA,27000,HSC,83.5,2023-24,G.H.S.E.B,COMMERCE,0,dropout_mid,Churn,0,Active
26TBCA40126,SVICS-G,3,Male,SEBC,Hindu,GANDHINAGAR,27000,HSC,84.8,2023-24,G.H.S.E.B,COMMERCE,0,dropout_mid,Churn,0,Active
26TBCA40127,SVICS-G,3,Male,OBC,Hindu,GANDHINAGAR,27000,HSC,42.1,2023-24,G.H.S.E.B,ARTS,0,dropout_mid,Churn,0,Active
26TBCA40128,SVICS-G,3,Female,OBC,Hindu,AHMEDABAD,27000,HSC,69.1,2022-23,G.H.S.E.B,COMMERCE,0,dropout_mid,Churn,0,Active
26TBCA40129,SVICS-G,3,Male,OPEN,Hindu,MEHSANA,27000,HSC,50.5,2023-24,G.H.S.E.B,SCIENCE,0,dropout_mid,Churn,0,Active
26TBCA40130,SVICS-G,3,Female,SEBC,Hindu,AMRELI,27000,HSC,83.0,2023-24,G.H.S.E.B,COMMERCE,0,dropout_mid,Churn,0,Active
26TBCA40131,SVICS-G,3,Female,SEBC,Hindu,AHMEDABAD,27000,HSC,67.4,2023-24,G.H.S.E.B,COMMERCE,0,dropout_mid,Churn,0,Active
26TBCA40132,SVICS-G,3,Female,OPEN,Hindu,SABARKANTHA,27000,HSC,56.5,2023-24,G.H.S.E.B,COMMERCE,0,dropout_mid,Churn,0,Active
26TBCA40133,SVICS-G,3,Male,OPEN,Hindu,GANDHINAGAR,27000,HSC,55.1,2023-24,G.H.S.E.B,COMMERCE,0,dropout_mid,Churn,0,Active
26TBCA40134,SVICS-G,3,Female,OPEN,Hindu,AHMEDABAD,27000,HSC,70.1,2023-24,G.H.S.E.B,COMMERCE,0,dropout_mid,Churn,0,Active
26TBCA40135,SVICS-G,3,Female,OPEN,Hindu,GANDHINAGAR,27000,HSC,71.6,2023-24,G.H.S.E.B,COMMERCE,0,dropout_mid,Churn,0,Active
26TBCA40136,SVICS-G,3,Male,OPEN,Hindu,GANDHINAGAR,27000,HSC,69.3,2023-24,G.H.S.E.B,ARTS,0,dropout_mid,Churn,0,Active
26TBCA40137,SVICS-G,3,Female,OPEN,Hindu,AHMEDABAD,27000,HSC,51.1,2023-24,G.H.S.E.B,COMMERCE,0,dropout_mid,Churn,0,Active
26TBCA40138,SVICS-G,3,Female,OPEN,Hindu,SURENDRANAGAR,27000,HSC,60.1,2023-24,G.H.S.E.B,COMMERCE,0,dropout_mid,Churn,0,Active
26TBCA40139,SVICS-G,3,Female,OPEN,Hindu,BANASKANTHA,27000,HSC,68.0,2023-24,G.H.S.E.B,COMMERCE,0,dropout_mid,Churn,0,Active
26TBCA40140,SVICS-G,3,Male,OPEN,Hindu,SABARKANTHA,27000,HSC,62.8,2023-24,G.H.S.E.B,COMMERCE,0,dropout_mid,Churn,0,Active
26TBCA40141,SVICS-G,3,Male,SCST,Hindu,GANDHINAGAR,27000,HSC,70.4,2023-24,G.H.S.E.B,COMMERCE,0,dropout_mid,Churn,0,Active
26TBCA40142,SVICS-G,3,Male,SEBC,Hindu,AHMEDABAD,27000,HSC,51.9,2023-24,G.H.S.E.B,COMMERCE,0,dropout_mid,Churn,0,Active
26TBCA40143,SVICS-G,3,Male,SEBC,Hindu,SURENDRANAGAR,27000,HSC,66.2,2023-24,G.H.S.E.B,ARTS,0,dropout_mid,Churn,0,Active
26TBCA40144,SVICS-G,3,Male,SEBC,Hindu,GANDHINAGAR,27000,SSC,75.9,2021-22,GSEB,COMMERCE,0,dropout_mid,Churn,0,Active
26TBCA40145,SVICS-G,3,Female,OPEN,Hindu,MORBI,27000,HSC,78.8,2023-24,G.H.S.E.B,COMMERCE,0,dropout_mid,Churn,0,Active
26TBCA40146,SVICS-G,3,Female,OPEN,Hindu,MEHSANA,27000,HSC,56.2,2023-24,G.H.S.E.B,COMMERCE,0,dropout_mid,Churn,0,Active
26TBCA40147,SVICS-G,3,Female,OPEN,Hindu,GANDHINAGAR,27000,HSC,62.0,2023-24,G.H.S.E.B,COMMERCE,0,dropout_mid,Churn,0,Active
26TBCA40148,SVICS-G,3,Male,SEBC,Hindu,GIR SOMNATH,27000,HSC,66.6,2023-24,G.H.S.E.B,COMMERCE,0,dropout_mid,Churn,0,Active
26TBCA40149,SVICS-G,3,Male,OPEN,Hindu,GANDHINAGAR,27000,HSC,85.9,2023-24,G.H.S.E.B,COMMERCE,0,dropout_mid,Churn,0,Active
26TBCA40150,SVICS-G,3,Male,OPEN,Hindu,AHMEDABAD,27000,HSC,86.7,2023-24,G.H.S.E.B,COMMERCE,0,dropout_mid,Churn,0,Active
26BCA45600,BPCCS,3,Female,SEBC,Hindu,AHMEDABAD,18000,HSC,53.6,2023-24,G.H.S.E.B,COMMERCE,0,dropout_mid,Churn,0,Active
26TBCA40151,SVICS-G,3,Female,OPEN,Muslim,GANDHINAGAR,27000,HSC,56.8,2023-24,CBSE,COMMERCE,0,dropout_mid,Churn,0,Active
26TBCA40152,SVICS-G,3,Male,OPEN,Hindu,AHMEDABAD,27000,HSC,61.6,2023-24,G.H.S.E.B,COMMERCE,0,dropout_mid,Churn,0,Active
26TBCA40153,SVICS-G,3,Male,OPEN,Hindu,AHMEDABAD,27000,HSC,60.6,2023-24,G.H.S.E.B,COMMERCE,0,dropout_mid,Churn,0,Active
26TBCA40154,SVICS-G,3,Female,OBC,Hindu,GANDHINAGAR,27000,HSC,86.6,2023-24,G.H.S.E.B,COMMERCE,0,dropout_mid,Churn,0,Active
26TBCA40155,SVICS-G,3,Female,OPEN,Hindu,AHMEDABAD,27000,HSC,71.6,2023-24,G.H.S.E.B,COMMERCE,0,dropout_mid,Churn,0,Active
26TBCA40156,SVICS-G,3,Male,SEBC,Hindu,AHMEDABAD,27000,HSC,65.3,2023-24,G.H.S.E.B,COMMERCE,0,dropout_mid,Churn,0,Active
26TBCA40157,SVICS-G,3,Male,OPEN,Hindu,RAJKOT,27000,HSC,73.0,2023-24,G.H.S.E.B,COMMERCE,0,dropout_mid,Churn,0,Active
26TBCA40158,SVICS-G,3,Male,SCST,Hindu,GANDHINAGAR,27000,HSC,44.0,2023-24,G.H.S.E.B,COMMERCE,0,dropout_mid,Churn,0,Active
26TBCA40159,SVICS-G,3,Female,OPEN,Hindu,AHMEDABAD,27000,HSC,87.9,2023-24,G.H.S.E.B,COMMERCE,0,dropout_mid,Churn,0,Active
26TBCA40160,SVICS-G,3,Male,SEBC,Hindu,AHMEDABAD,27000,HSC,75.4,2023-24,G.H.S.E.B,COMMERCE,0,dropout_mid,Churn,0,Active
26TBCA40161,SVICS-G,3,Male,SEBC,Hindu,BANASKANTHA,27000,HSC,72.2,2023-24,G.H.S.E.B,ARTS,0,dropout_mid,Churn,0,Active
26TBCA40162,SVICS-G,3,Male,OPEN,Hindu,SURENDRANAGAR,27000,HSC,72.3,2023-24,G.H.S.E.B,COMMERCE,0,dropout_mid,Churn,0,Active
26TBCA40163,SVICS-G,3,Male,OPEN,Hindu,AHMEDABAD,27000,HSC,58.8,2023-24,G.H.S.E.B,COMMERCE,0,dropout_mid,Churn,0,Active
26TBCA40164,SVICS-G,3,Female,SCST,Hindu,GANDHINAGAR,27000,HSC,79.5,2023-24,CBSE,ARTS,0,dropout_mid,Churn,0,Active
26BCA45601,BPCCS,3,Female,OPEN,Muslim,GANDHINAGAR,18000,HSC,87.7,2023-24,G.H.S.E.B,COMMERCE,0,dropout_mid,Churn,0,Active
26TBCA40165,SVICS-G,3,Female,OPEN,Hindu,AHMEDABAD,27000,HSC,85.8,2023-24,G.H.S.E.B,COMMERCE,0,dropout_mid,Churn,0,Active
26TBCA40166,SVICS-G,3,Male,OPEN,Hindu,AHMEDABAD,27000,HSC,55.6,2023-24,G.H.S.E.B,COMMERCE,0,dropout_mid,Churn,0,Active
26TBCA40167,SVICS-G,3,Male,OBC,Hindu,ARVALLI,27000,HSC,62.0,2023-24,G.H.S.E.B,COMMERCE,0,dropout_mid,Churn,0,Active
26BCA45602,BPCCS,3,Female,SEBC,Hindu,AHMEDABAD,18000,HSC,67.5,2023-24,G.H.S.E.B,COMMERCE,0,dropout_mid,Churn,0,Active
26TBCA40168,SVICS-G,3,Male,SEBC,Hindu,GANDHINAGAR,27000,HSC,63.6,2023-24,G.H.S.E.B,ARTS,0,dropout_mid,Churn,0,Active
26TBCA40169,SVICS-G,3,Male,OPEN,Hindu,SURENDRANAGAR,27000,HSC,75.0,2023-24,G.H.S.E.B,COMMERCE,0,dropout_mid,Churn,0,Active
26TBCA40170,SVICS-G,3,Male,OPEN,Hindu,BANASKANTHA,27000,HSC,57.6,2023-24,G.H.S.E.B,COMMERCE,0,dropout_mid,Churn,0,Active
26TBCA40171,SVICS-G,3,Male,OPEN,Hindu,GANDHINAGAR,27000,HSC,50.7,2023-24,G.H.S.E.B,COMMERCE,0,dropout_mid,Churn,0,Active
26TBCA40172,SVICS-G,3,Male,OPEN,Hindu,GANDHINAGAR,27000,HSC,61.8,2023-24,G.H.S.E.B,COMMERCE,0,dropout_mid,Churn,0,Active
26TBCA40173,SVICS-G,3,Female,SCST,Hindu,GANDHINAGAR,27000,HSC,42.7,2023-24,G.H.S.E.B,COMMERCE,0,dropout_mid,Churn,0,Active
26TBCA40174,SVICS-G,3,Male,SEBC,Hindu,SURENDRANAGAR,27000,HSC,73.0,2023-24,G.H.S.E.B,COMMERCE,0,dropout_mid,Churn,0,Active
26TBCA40175,SVICS-G,3,Male,OBC,Hindu,AHMEDABAD,27000,HSC,42.5,2023-24,G.H.S.E.B,COMMERCE,0,dropout_mid,Churn,0,Active
26TBCA40176,SVICS-G,3,Male,SEBC,Hindu,AHMEDABAD,27000,HSC,46.7,2023-24,G.H.S.E.B,COMMERCE,0,dropout_mid,Churn,0,Active
26TBCA40177,SVICS-G,3,Male,OPEN,Hindu,RAJKOT,27000,HSC,72.2,2023-24,G.H.S.E.B,COMMERCE,0,dropout_mid,Churn,0,Active
26TBCA40178,SVICS-G,3,Female,OPEN,Hindu,AHMEDABAD,27000,HSC,65.3,2023-24,G.H.S.E.B,COMMERCE,0,dropout_mid,Churn,0,Active
26TBCA40179,SVICS-G,3,Male,OPEN,Hindu,GANDHINAGAR,27000,HSC,50.4,2023-24,G.H.S.E.B,COMMERCE,0,dropout_mid,Churn,0,Active
26BCA45603,BPCCS,3,Female,OPEN,Hindu,AHMEDABAD,18000,HSC,60.5,2023-24,G.H.S.E.B,COMMERCE,0,dropout_mid,Churn,0,Active
26TBCA40180,SVICS-G,3,Female,OPEN,Hindu,AHMEDABAD,27000,HSC,54.7,2023-24,G.H.S.E.B,COMMERCE,0,dropout_mid,Churn,0,Active
26TBCA40181,SVICS-G,3,Male,OPEN,Hindu,KUTCH,27000,HSC,54.0,2023-24,G.H.S.E.B,COMMERCE,0,dropout_mid,Churn,0,Active
26TBCA40182,SVICS-G,3,Female,SEBC,Hindu,GANDHINAGAR,27000,HSC,53.8,2023-24,G.H.S.E.B,COMMERCE,0,dropout_mid,Churn,0,Active
26TBCA40183,SVICS-G,3,Male,SEBC,Hindu,AHMEDABAD,27000,HSC,40.3,2023-24,G.H.S.E.B,COMMERCE,0,dropout_mid,Churn,0,Active
26TBCA40184,SVICS-G,3,Female,OPEN,Hindu,BANASKANTHA,27000,HSC,69.4,2023-24,G.H.S.E.B,COMMERCE,0,dropout_mid,Churn,0,Active
26TBCA40185,SVICS-G,3,Male,SEBC,Muslim,MEHSANA,27000,HSC,59.7,2023-24,G.H.S.E.B,ARTS,0,dropout_mid,Churn,0,Active
26TBCA40186,SVICS-G,3,Male,OPEN,Hindu,GANDHINAGAR,27000,HSC,58.8,2023-24,G.H.S.E.B,COMMERCE,0,dropout_mid,Churn,0,Active
26TBCA40187,SVICS-G,3,Female,SEBC,Hindu,AHMEDABAD,27000,HSC,70.6,2023-24,G.H.S.E.B,COMMERCE,0,dropout_mid,Churn,0,Active
26TBCA40188,SVICS-G,3,Male,SEBC,Hindu,GANDHINAGAR,27000,HSC,79.6,2023-24,G.H.S.E.B,COMMERCE,0,dropout_mid,Churn,0,Active
26TBCA40189,SVICS-G,3,Female,OPEN,Hindu,MORBI,27000,HSC,78.2,2023-24,G.H.S.E.B,COMMERCE,0,dropout_mid,Churn,0,Active
26TBCA40190,SVICS-G,3,Male,SEBC,Hindu,AHMEDABAD,27000,HSC,46.1,2023-24,G.H.S.E.B,COMMERCE,0,dropout_mid,Churn,0,Active
26TBCA40191,SVICS-G,3,Female,OPEN,Jain,GANDHINAGAR,27000,HSC,49.9,2023-24,G.H.S.E.B,COMMERCE,0,dropout_mid,Churn,0,Active
26TBCA40192,SVICS-G,3,Male,OBC,Hindu,AHMEDABAD,27000,HSC,42.1,2023-24,G.H.S.E.B,COMMERCE,0,dropout_mid,Churn,0,Active
26TBCA40193,SVICS-G,3,Female,SEBC,Hindu,MEHSANA,27000,SSC,73.4,2021-22,GSEB,COMMERCE,0,dropout_mid,Churn,0,Active
26TBCA40194,SVICS-G,3,Male,SEBC,Hindu,AHMEDABAD,27000,HSC,41.8,2023-24,G.H.S.E.B,COMMERCE,0,dropout_mid,Churn,0,Active
26TBCA40195,SVICS-G,3,Male,SEBC,Muslim,GANDHINAGAR,27000,HSC,64.0,2023-24,G.H.S.E.B,COMMERCE,0,dropout_mid,Churn,0,Active
26TBCA40196,SVICS-G,3,Male,SEBC,Hindu,AHMEDABAD,27000,HSC,55.7,2023-24,G.H.S.E.B,COMMERCE,0,dropout_mid,Churn,0,Active
26TBCA40197,SVICS-G,3,Female,SEBC,Hindu,GANDHINAGAR,27000,HSC,52.4,2023-24,G.H.S.E.B,COMMERCE,0,dropout_mid,Churn,0,Active
26TBCA40198,SVICS-G,3,Female,SEBC,Hindu,GANDHINAGAR,27000,HSC,66.8,2023-24,G.H.S.E.B,SCIENCE,0,dropout_mid,Churn,0,Active
26BCA45604,BPCCS,3,Female,SEBC,Hindu,AHMEDABAD,18000,HSC,54.5,2023-24,G.H.S.E.B,COMMERCE,0,dropout_mid,Churn,0,Active
26TBCA40199,SVICS-G,3,Male,SCST,Hindu,GANDHINAGAR,27000,HSC,64.7,2022-23,G.H.S.E.B,COMMERCE,0,dropout_mid,Churn,0,Active
26TBCA40200,SVICS-G,3,Male,SEBC,Hindu,BANASKANTHA,27000,HSC,72.6,2023-24,G.H.S.E.B,ARTS,0,dropout_mid,Churn,0,Active
26TBCA40201,SVICS-G,3,Female,SEBC,Hindu,GANDHINAGAR,27000,HSC,66.7,2023-24,G.H.S.E.B,ARTS,0,dropout_mid,Churn,0,Active
26TBCA40202,SVICS-G,3,Male,OBC,Hindu,AHMEDABAD,27000,HSC,55.4,2023-24,G.H.S.E.B,COMMERCE,0,dropout_mid,Churn,0,Active
26TBCA40203,SVICS-G,3,Female,SCST,Hindu,GANDHINAGAR,27000,HSC,81.2,2023-24,CBSE,ARTS,0,dropout_mid,Churn,0,Active
26TBCA40204,SVICS-G,3,Male,SEBC,Hindu,GANDHINAGAR,27000,HSC,65.5,2023-24,G.H.S.E.B,COMMERCE,0,dropout_mid,Churn,0,Active
26TBCA40205,SVICS-G,3,Male,OPEN,Hindu,AMRELI,27000,HSC,51.2,2023-24,G.H.S.E.B,COMMERCE,0,dropout_mid,Churn,0,Active
26TBCA40206,SVICS-G,3,Male,OPEN,Hindu,SURENDRANAGAR,27000,HSC,78.7,2023-24,G.H.S.E.B,COMMERCE,0,dropout_mid,Churn,0,Active
26TBCA40207,SVICS-G,3,Male,SEBC,Hindu,AHMEDABAD,27000,HSC,43.3,2023-24,G.H.S.E.B,COMMERCE,0,dropout_mid,Churn,0,Active
26TBCA40208,SVICS-G,3,Female,SEBC,Hindu,BANASKANTHA,27000,HSC,81.1,2023-24,G.H.S.E.B,COMMERCE,0,dropout_mid,Churn,0,Active
26TBCA40209,SVICS-G,3,Female,OPEN,Hindu,GANDHINAGAR,27000,HSC,70.7,2023-24,G.H.S.E.B,COMMERCE,0,dropout_mid,Churn,0,Active
26TBCA40210,SVICS-G,3,Female,OPEN,Hindu,SURENDRANAGAR,27000,HSC,68.2,2023-24,G.H.S.E.B,COMMERCE,0,dropout_mid,Churn,0,Active
26TBCA40211,SVICS-G,3,Male,SEBC,Muslim,AHMEDABAD,27000,HSC,45.9,2023-24,G.H.S.E.B,COMMERCE,0,dropout_mid,Churn,0,Active
26TBCA40212,SVICS-G,3,Female,OPEN,Muslim,HIMMATNAGAR,27000,HSC,59.7,2023-24,G.H.S.E.B,ARTS,0,dropout_mid,Churn,0,Active
26TBCA40213,SVICS-G,3,Female,SEBC,Hindu,GANDHINAGAR,27000,HSC,59.9,2023-24,G.H.S.E.B,COMMERCE,0,dropout_mid,Churn,0,Active
26TBCA40214,SVICS-G,3,Male,OBC,Muslim,GANDHINAGAR,27000,HSC,42.2,2023-24,G.H.S.E.B,COMMERCE,0,dropout_mid,Churn,0,Active
26TBCA40215,SVICS-G,3,Male,SEBC,Hindu,AHMEDABAD,27000,HSC,52.6,2023-24,G.H.S.E.B,COMMERCE,0,dropout_mid,Churn,0,Active
26TBCA40216,SVICS-G,3,Female,SCST,Hindu,AHMEDABAD,27000,HSC,67.6,2023-24,G.H.S.E.B,COMMERCE,0,dropout_mid,Churn,0,Active
26TBCA40217,SVICS-G,3,Female,SCST,Hindu,AHMEDABAD,27000,HSC,50.6,2023-24,G.H.S.E.B,COMMERCE,0,dropout_mid,Churn,0,Active
26TBCA40218,SVICS-G,3,Male,SEBC,Hindu,MEHSANA,27000,HSC,70.0,2023-24,G.H.S.E.B,ARTS,0,dropout_mid,Churn,0,Active
26TBCA40219,SVICS-G,3,Male,OBC,Hindu,ARVALLI,27000,HSC,57.8,2023-24,G.H.S.E.B,COMMERCE,0,dropout_mid,Churn,0,Active
26TBCA40220,SVICS-G,3,Male,SEBC,Hindu,AHMEDABAD,27000,HSC,58.6,2023-24,G.H.S.E.B,COMMERCE,0,dropout_mid,Churn,0,Active
26TBCA40221,SVICS-G,3,Male,SCST,Hindu,GANDHINAGAR,27000,HSC,55.3,2022-23,G.H.S.E.B,ARTS,0,dropout_mid,Churn,0,Active
26TBCA40222,SVICS-G,3,Male,OBC,Hindu,AHMEDABAD,27000,HSC,56.7,2023-24,G.H.S.E.B,COMMERCE,0,dropout_mid,Churn,0,Active
26TBCA40223,SVICS-G,3,Male,SEBC,Hindu,AMRELI,27000,HSC,77.0,2023-24,G.H.S.E.B,COMMERCE,0,dropout_mid,Churn,0,Active
26BCA45605,BPCCS,2,Male,OPEN,Hindu,GANDHINAGAR,18000,HSC,45.5,2023-24,G.H.S.E.B,COMMERCE,0,dropout_mid,Churn,0,Active
26TBCA40224,SVICS-G,3,Female,OPEN,Hindu,GANDHINAGAR,27000,HSC,72.8,2023-24,G.H.S.E.B,COMMERCE,0,dropout_mid,Churn,0,Active
26TBCA40225,SVICS-G,3,Male,OPEN,Christian,GANDHINAGAR,27000,HSC,75.9,2022-23,G.H.S.E.B,COMMERCE,0,dropout_mid,Churn,0,Active
26TBCA40226,SVICS-G,3,Male,OPEN,Hindu,DEVBHUMI DWARKA,27000,HSC,56.2,2023-24,G.H.S.E.B,COMMERCE,0,dropout_mid,Churn,0,Active
26TBCA40227,SVICS-G,3,Male,OBC,Hindu,PATAN,27000,HSC,70.8,2023-24,G.H.S.E.B,COMMERCE,0,dropout_mid,Churn,0,Active
26TBCA40228,SVICS-G,3,Male,OPEN,Hindu,AHMEDABAD,27000,HSC,85.8,2023-24,G.H.S.E.B,COMMERCE,0,dropout_mid,Churn,0,Active
26TBCA40229,SVICS-G,3,Female,SEBC,Hindu,AHMEDABAD,27000,HSC,71.1,2023-24,G.H.S.E.B,COMMERCE,0,dropout_mid,Churn,0,Active
26TBCA40230,SVICS-G,3,Female,OPEN,Hindu,GANDHINAGAR,27000,HSC,61.0,2023-24,G.H.S.E.B,COMMERCE,0,dropout_mid,Churn,0,Active
26TBCA40231,SVICS-G,3,Female,OPEN,Hindu,MEHSANA,27000,HSC,55.7,2023-24,G.H.S.E.B,COMMERCE,0,dropout_mid,Churn,0,Active
26TBCA40232,SVICS-G,3,Male,OPEN,Hindu,GANDHINAGAR,27000,HSC,60.5,2023-24,G.H.S.E.B,COMMERCE,0,dropout_mid,Churn,0,Active
26TBCA40233,SVICS-G,3,Female,SEBC,Hindu,GANDHINAGAR,27000,HSC,59.2,2023-24,G.H.S.E.B,COMMERCE,0,dropout_mid,Churn,0,Active
26TBCA40234,SVICS-G,3,Female,OPEN,Hindu,AHMEDABAD,27000,HSC,60.3,2023-24,G.H.S.E.B,COMMERCE,0,dropout_mid,Churn,0,Active
26TBCA40235,SVICS-G,3,Male,OPEN,Christian,GANDHINAGAR,27000,HSC,74.0,2022-23,G.H.S.E.B,COMMERCE,0,dropout_mid,Churn,0,Active
26TBCA40236,SVICS-G,3,Male,OPEN,Hindu,DEVBHUMI DWARKA,27000,HSC,59.7,2023-24,G.H.S.E.B,COMMERCE,0,dropout_mid,Churn,0,Active
26TBCA40237,SVICS-G,3,Male,SEBC,Hindu,MORBI,27000,HSC,66.5,2023-24,G.H.S.E.B,COMMERCE,0,dropout_mid,Churn,0,Active
26TBCA40238,SVICS-G,3,Male,SEBC,Muslim,GANDHINAGAR,27000,HSC,47.4,2023-24,G.H.S.E.B,COMMERCE,0,dropout_mid,Churn,0,Active
26TBCA40239,SVICS-G,3,Male,SCST,Hindu,GANDHINAGAR,27000,HSC,45.9,2023-24,G.H.S.E.B,COMMERCE,0,dropout_mid,Churn,0,Active
26TBCA40240,SVICS-G,3,Female,OPEN,Hindu,SURENDRANAGAR,27000,HSC,71.7,2023-24,G.H.S.E.B,COMMERCE,0,dropout_mid,Churn,0,Active
26TBCA40241,SVICS-G,3,Male,SEBC,Muslim,GANDHINAGAR,27000,HSC,65.0,2023-24,G.H.S.E.B,COMMERCE,0,dropout_mid,Churn,0,Active
26TBCA40242,SVICS-G,3,Male,OPEN,Hindu,MEHSANA,27000,HSC,39.3,2023-24,G.H.S.E.B,ARTS,0,dropout_mid,Churn,0,Active
26TBCA40243,SVICS-G,3,Male,SCST,Hindu,GANDHINAGAR,27000,HSC,64.3,2022-23,G.H.S.E.B,COMMERCE,0,dropout_mid,Churn,0,Active
26TBCA40244,SVICS-G,3,Male,OPEN,Hindu,AHMEDABAD,27000,HSC,55.3,2022-23,G.H.S.E.B,COMMERCE,0,dropout_mid,Churn,0,Active
26TBCA40245,SVICS-G,3,Male,OPEN,Hindu,GANDHINAGAR,27000,HSC,57.7,2023-24,G.H.S.E.B,COMMERCE,0,dropout_mid,Churn,0,Active
26TBCA40246,SVICS-G,3,Male,OBC,Hindu,ARVALLI,27000,HSC,49.9,2023-24,G.H.S.E.B,COMMERCE,0,dropout_mid,Churn,0,Active
26TBCA40247,SVICS-G,3,Female,SEBC,Hindu,GANDHINAGAR,27000,HSC,61.6,2023-24,G.H.S.E.B,ARTS,0,dropout_mid,Churn,0,Active
26TBCA40248,SVICS-G,3,Female,SEBC,Hindu,GANDHINAGAR,27000,HSC,61.9,2023-24,G.H.S.E.B,ARTS,0,dropout_mid,Churn,0,Active
26TBCA40249,SVICS-G,3,Female,SEBC,Hindu,SURENDRANAGAR,27000,HSC,74.6,2023-24,G.H.S.E.B,COMMERCE,0,dropout_mid,Churn,0,Active
26TBCA40250,SVICS-G,3,Male,SEBC,Muslim,GANDHINAGAR,27000,HSC,64.4,2023-24,G.H.S.E.B,COMMERCE,0,dropout_mid,Churn,0,Active
26TBCA40251,SVICS-G,3,Female,OPEN,Hindu,AHMEDABAD,27000,HSC,49.4,2023-24,G.H.S.E.B,ARTS,0,dropout_mid,Churn,0,Active
26TBCA40252,SVICS-G,3,Male,SCST,Hindu,GANDHINAGAR,27000,HSC,54.0,2023-24,G.H.S.E.B,COMMERCE,0,dropout_mid,Churn,0,Active
26TBCA40253,SVICS-G,3,Male,OPEN,Hindu,AHMEDABAD,27000,HSC,65.9,2023-24,G.H.S.E.B,COMMERCE,0,dropout_mid,Churn,0,Active
26TBCA40254,SVICS-G,3,Male,OPEN,Hindu,DEVBHUMI DWARKA,27000,HSC,56.4,2023-24,G.H.S.E.B,COMMERCE,0,dropout_mid,Churn,0,Active
26TBCA40255,SVICS-G,3,Male,SEBC,Hindu,BANASKANTHA,27000,HSC,55.6,2023-24,G.H.S.E.B,COMMERCE,0,dropout_mid,Churn,0,Active
26TBCA40256,SVICS-G,3,Male,SEBC,Hindu,AHMEDABAD,27000,HSC,40.5,2023-24,G.H.S.E.B,COMMERCE,0,dropout_mid,Churn,0,Active
26TBCA40257,SVICS-G,3,Male,OPEN,Hindu,GANDHINAGAR,27000,HSC,55.1,2023-24,G.H.S.E.B,COMMERCE,0,dropout_mid,Churn,0,Active
26TBCA40258,SVICS-G,3,Male,OPEN,Hindu,GANDHINAGAR,27000,HSC,60.7,2023-24,G.H.S.E.B,COMMERCE,0,dropout_mid,Churn,0,Active
26TBCA40259,SVICS-G,3,Male,OPEN,Hindu,ANAND,27000,HSC,58.8,2023-24,G.H.S.E.B,COMMERCE,0,dropout_mid,Churn,0,Active
26TBCA40260,SVICS-G,3,Female,OPEN,Hindu,GANDHINAGAR,27000,HSC,57.0,2022-23,G.H.S.E.B,SCIENCE,0,dropout_mid,Churn,0,Active
26TBCA40261,SVICS-G,3,Male,OBC,Hindu,AHMEDABAD,27000,HSC,48.4,2023-24,G.H.S.E.B,COMMERCE,0,dropout_mid,Churn,0,Active
26TBCA40262,SVICS-G,3,Female,OPEN,Hindu,GANDHINAGAR,27000,HSC,70.7,2023-24,G.H.S.E.B,COMMERCE,0,dropout_mid,Churn,0,Active
26TBCA40263,SVICS-G,3,Male,OPEN,Hindu,GANDHINAGAR,27000,HSC,62.8,2023-24,G.H.S.E.B,COMMERCE,0,dropout_mid,Churn,0,Active
26TBCA40264,SVICS-G,3,Female,SCST,Hindu,GANDHINAGAR,27000,HSC,64.5,2023-24,G.H.S.E.B,ARTS,0,dropout_mid,Churn,0,Active
26TBCA40265,SVICS-G,3,Male,SCST,Hindu,GANDHINAGAR,27000,HSC,44.2,2023-24,G.H.S.E.B,COMMERCE,0,dropout_mid,Churn,0,Active
26BCA45606,BPCCS,3,Male,OPEN,Hindu,GANDHINAGAR,18000,HSC,74.4,2023-24,G.H.S.E.B,COMMERCE,0,dropout_mid,Churn,0,Active
26TBCA40266,SVICS-G,3,Female,OPEN,Hindu,AHMEDABAD,27000,HSC,67.6,2023-24,G.H.S.E.B,COMMERCE,0,dropout_mid,Churn,0,Active
26TBCA40267,SVICS-G,3,Male,SEBC,Muslim,GANDHINAGAR,27000,HSC,45.0,2023-24,G.H.S.E.B,COMMERCE,0,dropout_mid,Churn,0,Active
26BCA45607,BPCCS,3,Male,OPEN,Muslim,MORBI,18000,HSC,45.1,2023-24,G.H.S.E.B,COMMERCE,1,dropout_sem1,Churn,1,Churned
26BCA45608,BPCCS,2,Male,SEBC,Hindu,GANDHINAGAR,18000,HSC,50.2,2023-24,G.H.S.E.B,ARTS,1,dropout_sem1,Churn,1,Churned
26TBCA40268,SVICS-G,2,Male,OPEN,Hindu,GANDHINAGAR,27000,HSC,53.2,2023-24,G.H.S.E.B,COMMERCE,1,dropout_sem1,Churn,1,Churned
26TBCA40269,SVICS-G,2,Male,OPEN,Hindu,GANDHINAGAR,27000,HSC,53.3,2023-24,G.H.S.E.B,COMMERCE,1,dropout_sem1,Churn,1,Churned
26BCA45609,BPCCS,1,Male,SEBC,Hindu,GANDHINAGAR,18000,HSC,51.2,2023-24,G.H.S.E.B,COMMERCE,1,dropout_sem1,Churn,1,Churned
26BCA45610,BPCCS,2,Female,OBC,Hindu,GANDHINAGAR,18000,HSC,74.3,2023-24,G.H.S.E.B,COMMERCE,1,dropout_sem1,Churn,1,Churned
26TBCA40270,SVICS-G,2,Male,OBC,Hindu,GANDHINAGAR,27000,HSC,41.3,2023-24,G.H.S.E.B,COMMERCE,1,dropout_sem1,Churn,1,Churned
26BCA45611,BPCCS,1,Female,OPEN,Hindu,AMRELI,18000,HSC,65.5,2023-24,G.H.S.E.B,COMMERCE,1,dropout_sem1,Churn,1,Churned
26TBCA40271,SVICS-G,1,Male,OPEN,Hindu,SURENDRANAGAR,27000,HSC,61.6,2023-24,G.H.S.E.B,COMMERCE,1,dropout_sem1,Churn,1,Churned
26BCA45612,BPCCS,3,Male,OPEN,Hindu,BOTAD,18000,HSC,44.7,2023-24,G.H.S.E.B,COMMERCE,1,dropout_sem1,Churn,1,Churned
26TBCA40272,SVICS-G,1,Male,SCST,Hindu,GANDHINAGAR,27000,HSC,72.1,2023-24,G.H.S.E.B,COMMERCE,1,dropout_sem1,Churn,1,Churned
26BCA45613,BPCCS,1,Male,SEBC,Hindu,GANDHINAGAR,18000,HSC,51.6,2023-24,G.H.S.E.B,COMMERCE,1,dropout_sem1,Churn,1,Churned
26BCA45614,BPCCS,2,Female,SEBC,Hindu,SURENDRANAGAR,18000,HSC,64.1,2023-24,G.H.S.E.B,COMMERCE,1,dropout_sem1,Churn,1,Churned
26BCA45615,BPCCS,2,Male,OPEN,Hindu,GANDHINAGAR,18000,HSC,55.0,2023-24,G.H.S.E.B,COMMERCE,1,dropout_sem1,Churn,1,Churned
26BCA45616,BPCCS,1,Male,OPEN,Hindu,KUTCH,18000,HSC,62.6,2023-24,G.H.S.E.B,COMMERCE,1,dropout_sem1,Churn,1,Churned
26TBCA40273,SVICS-G,1,Male,OPEN,Hindu,MEHSANA,27000,HSC,54.3,2023-24,G.H.S.E.B,ARTS,1,dropout_sem1,Churn,1,Churned
26BCA45617,BPCCS,1,Male,OPEN,Hindu,AHMEDABAD,18000,HSC,48.2,2022-23,G.H.S.E.B,COMMERCE,1,dropout_sem1,Churn,1,Churned
26BCA45618,BPCCS,1,Female,SEBC,Hindu,KUTCH,18000,HSC,82.5,2023-24,G.H.S.E.B,COMMERCE,1,dropout_sem1,Churn,1,Churned
26BCA45619,BPCCS,3,Female,OPEN,Hindu,GANDHINAGAR,18000,HSC,53.8,2023-24,G.H.S.E.B,COMMERCE,1,dropout_sem1,Churn,1,Churned
26BCA45620,BPCCS,2,Male,OPEN,Hindu,JUNAGADH,18000,HSC,44.0,2023-24,G.H.S.E.B,COMMERCE,1,dropout_sem1,Churn,1,Churned
26BCA45621,BPCCS,2,Female,SEBC,Hindu,SURENDRANAGAR,18000,HSC,65.8,2023-24,G.H.S.E.B,COMMERCE,1,dropout_sem1,Churn,1,Churned
26BCA45622,BPCCS,2,Male,SEBC,Hindu,SURENDRANAGAR,18000,HSC,54.8,2023-24,G.H.S.E.B,COMMERCE,1,dropout_sem1,Churn,1,Churned
26BCA45623,BPCCS,1,Male,OPEN,Hindu,MAHISAGAR,18000,HSC,75.1,2023-24,G.H.S.E.B,COMMERCE,1,dropout_sem1,Churn,1,Churned
26TBCA40274,SVICS-G,2,Female,SEBC,Hindu,GANDHINAGAR,27000,HSC,80.7,2023-24,G.H.S.E.B,COMMERCE,1,dropout_sem1,Churn,1,Churned
26TBCA40275,SVICS-G,1,Male,SCST,Hindu,RAJKOT,27000,HSC,53.6,2023-24,G.H.S.E.B,COMMERCE,1,dropout_sem1,Churn,1,Churned
26BCA45624,BPCCS,1,Male,SCST,Hindu,SABARKANTHA,18000,HSC,49.5,2023-24,G.H.S.E.B,ARTS,1,dropout_sem1,Churn,1,Churned
26TBCA40276,SVICS-G,2,Male,OPEN,Hindu,SURENDRANAGAR,27000,HSC,59.5,2023-24,G.H.S.E.B,COMMERCE,1,dropout_sem1,Churn,1,Churned
26BCA45625,BPCCS,1,Male,OPEN,Hindu,BOTAD,18000,HSC,36.8,2023-24,G.H.S.E.B,COMMERCE,1,dropout_sem1,Churn,1,Churned
26BCA45626,BPCCS,1,Male,SEBC,Hindu,SURENDRANAGAR,18000,HSC,67.5,2023-24,G.H.S.E.B,COMMERCE,1,dropout_sem1,Churn,1,Churned
26BCA45627,BPCCS,2,Male,OBC,Hindu,GANDHINAGAR,18000,HSC,59.8,2023-24,G.H.S.E.B,COMMERCE,1,dropout_sem1,Churn,1,Churned
26TBCA40277,SVICS-G,2,Female,OPEN,Hindu,AHMEDABAD,27000,HSC,61.9,2023-24,G.H.S.E.B,COMMERCE,1,dropout_sem1,Churn,1,Churned
26BCA45628,BPCCS,1,Male,SCST,Hindu,GANDHINAGAR,18000,HSC,54.7,2022-23,G.H.S.E.B,COMMERCE,1,dropout_sem1,Churn,1,Churned
26TBCA40278,SVICS-G,2,Female,OPEN,Hindu,GANDHINAGAR,27000,HSC,61.9,2023-24,G.H.S.E.B,COMMERCE,1,dropout_sem1,Churn,1,Churned
26BCA45629,BPCCS,1,Male,OPEN,Hindu,MEHSANA,18000,HSC,65.7,2023-24,G.H.S.E.B,COMMERCE,1,dropout_sem1,Churn,1,Churned
26BCA45630,BPCCS,1,Female,OPEN,Hindu,AHMEDABAD,18000,HSC,74.7,2023-24,G.H.S.E.B,COMMERCE,1,dropout_sem1,Churn,1,Churned
26BCA45631,BPCCS,1,Male,SEBC,Hindu,BANASKANTHA,18000,HSC,55.7,2023-24,G.H.S.E.B,SCIENCE,1,dropout_sem1,Churn,1,Churned
26TBCA40279,SVICS-G,1,Male,SCST,Hindu,RAJKOT,27000,HSC,55.9,2023-24,G.H.S.E.B,COMMERCE,1,dropout_sem1,Churn,1,Churned
26TBCA40280,SVICS-G,2,Male,OBC,Hindu,GANDHINAGAR,27000,HSC,40.8,2023-24,G.H.S.E.B,COMMERCE,1,dropout_sem1,Churn,1,Churned
26BCA45632,BPCCS,3,Female,SEBC,Hindu,SURENDRANAGAR,18000,HSC,61.3,2023-24,G.H.S.E.B,ARTS,1,dropout_sem1,Churn,1,Churned
26TBCA40281,SVICS-G,2,Male,OPEN,Hindu,GANDHINAGAR,27000,HSC,54.7,2023-24,G.H.S.E.B,COMMERCE,1,dropout_sem1,Churn,1,Churned
26BCA45633,BPCCS,1,Male,SCST,Hindu,SABARKANTHA,18000,HSC,50.4,2023-24,G.H.S.E.B,ARTS,1,dropout_sem1,Churn,1,Churned
26BCA45634,BPCCS,2,Male,OPEN,Hindu,GANDHINAGAR,18000,HSC,59.7,2023-24,G.H.S.E.B,COMMERCE,1,dropout_sem1,Churn,1,Churned
26BCA45635,BPCCS,1,Male,OPEN,Hindu,AHMEDABAD,18000,HSC,50.5,2023-24,G.H.S.E.B,COMMERCE,1,dropout_sem1,Churn,1,Churned
26BCA45636,BPCCS,2,Female,OPEN,Hindu,AHMEDABAD,18000,HSC,60.3,2023-24,G.H.S.E.B,COMMERCE,1,dropout_sem1,Churn,1,Churned
26BCA45637,BPCCS,2,Male,OBC,Hindu,GANDHINAGAR,18000,HSC,58.3,2023-24,G.H.S.E.B,COMMERCE,1,dropout_sem1,Churn,1,Churned
26BCA45638,BPCCS,1,Female,SEBC,Hindu,GANDHINAGAR,18000,HSC,56.0,2023-24,G.H.S.E.B,COMMERCE,1,dropout_sem1,Churn,1,Churned
26BCA45639,BPCCS,1,Male,OBC,Hindu,GANDHINAGAR,18000,HSC,55.8,2023-24,G.H.S.E.B,COMMERCE,1,dropout_sem1,Churn,1,Churned
26BCA45640,BPCCS,1,Female,SEBC,Hindu,AHMEDABAD,18000,HSC,72.3,2023-24,G.H.S.E.B,COMMERCE,1,dropout_sem1,Churn,1,Churned
26BCA45641,BPCCS,2,Male,OPEN,Hindu,JUNAGADH,18000,HSC,43.7,2023-24,G.H.S.E.B,COMMERCE,1,dropout_sem1,Churn,1,Churned
26TBCA40282,SVICS-G,1,Female,OPEN,Christian,AHMEDABAD,27000,HSC,81.2,2023-24,G.H.S.E.B,COMMERCE,1,dropout_sem1,Churn,1,Churned
26BCA45642,BPCCS,2,Male,OBC,Hindu,PATAN,18000,HSC,60.8,2023-24,G.H.S.E.B,COMMERCE,1,dropout_sem1,Churn,1,Churned
26BCA45643,BPCCS,3,Male,OPEN,Hindu,BOTAD,18000,HSC,45.8,2023-24,G.H.S.E.B,COMMERCE,1,dropout_sem1,Churn,1,Churned
26BCA45644,BPCCS,1,Female,SEBC,Muslim,GANDHINAGAR,18000,HSC,67.8,2023-24,G.H.S.E.B,ARTS,1,dropout_sem1,Churn,1,Churned
26BCA45645,BPCCS,1,Male,OPEN,Hindu,KUTCH,18000,HSC,64.3,2023-24,G.H.S.E.B,COMMERCE,1,dropout_sem1,Churn,1,Churned
26BCA45646,BPCCS,1,Male,SCST,Hindu,SABARKANTHA,18000,HSC,49.1,2023-24,G.H.S.E.B,ARTS,1,dropout_sem1,Churn,1,Churned
26TBCA40283,SVICS-G,1,Male,OPEN,Muslim,SABARKANTHA,27000,HSC,42.0,2023-24,G.H.S.E.B,COMMERCE,1,dropout_sem1,Churn,1,Churned
26BCA45647,BPCCS,1,Male,SEBC,Hindu,SURENDRANAGAR,18000,HSC,66.1,2023-24,G.H.S.E.B,COMMERCE,1,dropout_sem1,Churn,1,Churned
26BCA45648,BPCCS,2,Male,OPEN,Hindu,AMRELI,18000,HSC,51.4,2023-24,G.H.S.E.B,COMMERCE,1,dropout_sem1,Churn,1,Churned
26BCA45649,BPCCS,2,Male,OPEN,Hindu,BANASKANTHA,18000,HSC,58.0,2023-24,G.H.S.E.B,COMMERCE,1,dropout_sem1,Churn,1,Churned
26BCA45650,BPCCS,1,Male,OPEN,Hindu,KUTCH,18000,HSC,65.0,2023-24,G.H.S.E.B,COMMERCE,1,dropout_sem1,Churn,1,Churned
26BCA45651,BPCCS,2,Male,OBC,Hindu,GANDHINAGAR,18000,HSC,43.0,2023-24,G.H.S.E.B,ARTS,1,dropout_sem1,Churn,1,Churned
26BCA45652,BPCCS,1,Male,OPEN,Hindu,BANASKANTHA,18000,HSC,55.8,2023-24,G.H.S.E.B,COMMERCE,1,dropout_sem1,Churn,1,Churned
26BCA45653,BPCCS,2,Male,OPEN,Hindu,JUNAGADH,18000,HSC,44.3,2023-24,G.H.S.E.B,COMMERCE,1,dropout_sem1,Churn,1,Churned
26BCA45654,BPCCS,2,Male,SEBC,Hindu,GANDHINAGAR,18000,HSC,51.3,2023-24,G.H.S.E.B,ARTS,1,dropout_sem1,Churn,1,Churned
26BCA45655,BPCCS,2,Male,SEBC,Hindu,GANDHINAGAR,18000,HSC,72.0,2023-24,G.H.S.E.B,COMMERCE,1,dropout_sem1,Churn,1,Churned
26BCA45656,BPCCS,2,Male,OPEN,Hindu,GANDHINAGAR,18000,HSC,58.3,2023-24,G.H.S.E.B,COMMERCE,1,dropout_sem1,Churn,1,Churned
26TBCA40284,SVICS-G,1,Male,SCST,Hindu,GANDHINAGAR,27000,HSC,56.9,2023-24,G.H.S.E.B,COMMERCE,1,dropout_sem1,Churn,1,Churned
26TBCA40285,SVICS-G,2,Female,OPEN,Hindu,MEHSANA,27000,HSC,57.3,2023-24,G.H.S.E.B,COMMERCE,1,dropout_sem1,Churn,1,Churned
26TBCA40286,SVICS-G,1,Female,OPEN,Hindu,MEHSANA,27000,HSC,79.4,2023-24,G.H.S.E.B,ARTS,1,dropout_sem1,Churn,1,Churned
26BCA45657,BPCCS,1,Male,SCST,Hindu,GANDHINAGAR,18000,HSC,55.3,2022-23,G.H.S.E.B,COMMERCE,1,dropout_sem1,Churn,1,Churned
26BCA45658,BPCCS,1,Female,OPEN,Hindu,GANDHINAGAR,18000,HSC,75.6,2023-24,G.H.S.E.B,COMMERCE,1,dropout_sem1,Churn,1,Churned
26TBCA40287,SVICS-G,1,Male,OPEN,Hindu,AHMEDABAD,27000,HSC,53.7,2023-24,G.H.S.E.B,COMMERCE,1,dropout_sem1,Churn,1,Churned
26TBCA40288,SVICS-G,2,Male,OPEN,Hindu,GANDHINAGAR,27000,HSC,67.1,2023-24,G.H.S.E.B,COMMERCE,1,dropout_sem1,Churn,1,Churned
26BCA45659,BPCCS,2,Female,OPEN,Hindu,AHMEDABAD,18000,HSC,68.6,2023-24,G.H.S.E.B,COMMERCE,1,dropout_sem1,Churn,1,Churned
26TBCA40289,SVICS-G,2,Male,OPEN,Hindu,GANDHINAGAR,27000,HSC,66.2,2023-24,G.H.S.E.B,COMMERCE,1,dropout_sem1,Churn,1,Churned
26BCA45660,BPCCS,2,Male,OBC,Hindu,GANDHINAGAR,18000,HSC,58.5,2023-24,G.H.S.E.B,COMMERCE,1,dropout_sem1,Churn,1,Churned
26BCA45661,BPCCS,1,Male,OPEN,Hindu,GANDHINAGAR,18000,HSC,56.1,2021-22,G.H.S.E.B,SCIENCE,1,dropout_sem1,Churn,1,Churned
26BCA45662,BPCCS,2,Female,OBC,Hindu,GANDHINAGAR,18000,HSC,74.6,2023-24,G.H.S.E.B,COMMERCE,1,dropout_sem1,Churn,1,Churned
26TBCA40290,SVICS-G,1,Male,SCST,Hindu,GANDHINAGAR,27000,HSC,54.5,2023-24,G.H.S.E.B,COMMERCE,1,dropout_sem1,Churn,1,Churned
26BCA45663,BPCCS,1,Male,OPEN,Hindu,GANDHINAGAR,18000,HSC,54.7,2021-22,G.H.S.E.B,SCIENCE,1,dropout_sem1,Churn,1,Churned
26BCA45664,BPCCS,1,Male,OBC,Hindu,GANDHINAGAR,18000,HSC,58.5,2023-24,G.H.S.E.B,COMMERCE,1,dropout_sem1,Churn,1,Churned
26BCA45665,BPCCS,1,Male,OBC,Hindu,GANDHINAGAR,18000,HSC,57.8,2023-24,G.H.S.E.B,COMMERCE,1,dropout_sem1,Churn,1,Churned
26TBCA40291,SVICS-G,1,Female,OPEN,Hindu,AHMEDABAD,27000,HSC,62.8,2023-24,G.H.S.E.B,COMMERCE,1,dropout_sem1,Churn,1,Churned
26BCA45666,BPCCS,2,Female,OPEN,Muslim,MORBI,18000,HSC,61.3,2023-24,G.H.S.E.B,COMMERCE,1,dropout_sem1,Churn,1,Churned
26BCA45667,BPCCS,1,Female,OPEN,Hindu,AMRELI,18000,HSC,67.3,2023-24,G.H.S.E.B,COMMERCE,1,dropout_sem1,Churn,1,Churned
26TBCA40292,SVICS-G,3,Female,OPEN,Hindu,AHMEDABAD,27000,HSC,44.7,2023-24,G.H.S.E.B,COMMERCE,1,dropout_sem1,Churn,1,Churned
26BCA45668,BPCCS,2,Male,SEBC,Hindu,GANDHINAGAR,18000,HSC,71.2,2023-24,G.H.S.E.B,COMMERCE,1,dropout_sem1,Churn,1,Churned
26TBCA40293,SVICS-G,2,Female,SEBC,Hindu,GANDHINAGAR,27000,HSC,47.8,2022-23,G.H.S.E.B,ARTS,1,dropout_sem1,Churn,1,Churned
26TBCA40294,SVICS-G,2,Male,OPEN,Hindu,GANDHINAGAR,27000,HSC,73.3,2023-24,G.H.S.E.B,COMMERCE,1,dropout_sem1,Churn,1,Churned
26TBCA40295,SVICS-G,1,Male,SCST,Hindu,GANDHINAGAR,27000,HSC,55.8,2023-24,G.H.S.E.B,COMMERCE,1,dropout_sem1,Churn,1,Churned
26TBCA40296,SVICS-G,1,Female,SEBC,Hindu,AHMEDABAD,27000,HSC,62.5,2023-24,G.H.S.E.B,COMMERCE,1,dropout_sem1,Churn,1,Churned
26TBCA40297,SVICS-G,2,Male,OPEN,Hindu,GANDHINAGAR,27000,HSC,58.7,2020-21,G.H.S.E.B,ARTS,1,dropout_sem1,Churn,1,Churned
26TBCA40298,SVICS-G,1,Male,OBC,Hindu,SABARKANTHA,27000,HSC,50.8,2023-24,G.H.S.E.B,ARTS,1,dropout_sem1,Churn,1,Churned
26BCA45669,BPCCS,1,Female,OPEN,Hindu,AHMEDABAD,18000,HSC,51.8,2023-24,G.H.S.E.B,COMMERCE,1,dropout_sem1,Churn,1,Churned
26BCA45670,BPCCS,2,Male,OPEN,Hindu,SURENDRANAGAR,18000,HSC,52.5,2023-24,G.H.S.E.B,COMMERCE,1,dropout_sem1,Churn,1,Churned
26BCA45671,BPCCS,2,Female,OPEN,Muslim,MORBI,18000,HSC,60.9,2023-24,G.H.S.E.B,COMMERCE,1,dropout_sem1,Churn,1,Churned
26BCA45672,BPCCS,1,Male,OBC,Hindu,GANDHINAGAR,18000,HSC,58.3,2023-24,G.H.S.E.B,COMMERCE,1,dropout_sem1,Churn,1,Churned
26BCA45673,BPCCS,1,Female,SEBC,Hindu,GANDHINAGAR,18000,HSC,56.7,2023-24,G.H.S.E.B,COMMERCE,1,dropout_sem1,Churn,1,Churned
26BCA45674,BPCCS,1,Female,OPEN,Hindu,AHMEDABAD,18000,HSC,76.7,2023-24,G.H.S.E.B,COMMERCE,1,dropout_sem1,Churn,1,Churned
26BCA45675,BPCCS,1,Male,OPEN,Hindu,MEHSANA,18000,HSC,64.4,2023-24,G.H.S.E.B,COMMERCE,1,dropout_sem1,Churn,1,Churned
26BCA45676,BPCCS,3,Male,SEBC,Hindu,KUTCH,18000,HSC,66.2,2023-24,G.H.S.E.B,COMMERCE,1,dropout_sem1,Churn,1,Churned
26TBCA40299,SVICS-G,1,Female,OPEN,Hindu,SABARKANTHA,27000,HSC,66.0,2023-24,G.H.S.E.B,ARTS,1,dropout_sem1,Churn,1,Churned
26BCA45677,BPCCS,1,Female,SEBC,Hindu,AHMEDABAD,18000,HSC,71.6,2023-24,G.H.S.E.B,COMMERCE,1,dropout_sem1,Churn,1,Churned
26BCA45678,BPCCS,1,Male,SCST,Hindu,GANDHINAGAR,18000,HSC,53.3,2022-23,G.H.S.E.B,COMMERCE,1,dropout_sem1,Churn,1,Churned
26BCA45679,BPCCS,1,Male,OPEN,Hindu,BANASKANTHA,18000,HSC,57.7,2023-24,G.H.S.E.B,COMMERCE,1,dropout_sem1,Churn,1,Churned
26BCA45680,BPCCS,2,Female,OPEN,Muslim,MORBI,18000,HSC,61.8,2023-24,G.H.S.E.B,COMMERCE,1,dropout_sem1,Churn,1,Churned
26TBCA40300,SVICS-G,2,Male,OPEN,Hindu,GANDHINAGAR,27000,HSC,57.2,2020-21,G.H.S.E.B,ARTS,1,dropout_sem1,Churn,1,Churned
26BCA45681,BPCCS,1,Male,OPEN,Hindu,AHMEDABAD,18000,HSC,40.4,2023-24,G.H.S.E.B,SCIENCE,1,dropout_sem1,Churn,1,Churned
26BCA45682,BPCCS,2,Male,OBC,Hindu,PATAN,18000,HSC,59.5,2023-24,G.H.S.E.B,COMMERCE,1,dropout_sem1,Churn,1,Churned
26BCA45683,BPCCS,3,Female,OPEN,Hindu,GANDHINAGAR,18000,HSC,54.2,2023-24,G.H.S.E.B,COMMERCE,1,dropout_sem1,Churn,1,Churned
26BCA45684,BPCCS,2,Male,OPEN,Hindu,SURENDRANAGAR,18000,HSC,53.2,2023-24,G.H.S.E.B,COMMERCE,1,dropout_sem1,Churn,1,Churned
26TBCA40301,SVICS-G,2,Male,OPEN,Hindu,GANDHINAGAR,27000,HSC,51.8,2023-24,G.H.S.E.B,COMMERCE,1,dropout_sem1,Churn,1,Churned
26BCA45685,BPCCS,2,Male,OBC,Hindu,GANDHINAGAR,18000,HSC,61.0,2023-24,G.H.S.E.B,COMMERCE,1,dropout_sem1,Churn,1,Churned
26BCA45686,BPCCS,2,Male,OBC,Hindu,GANDHINAGAR,18000,HSC,41.9,2023-24,G.H.S.E.B,ARTS,1,dropout_sem1,Churn,1,Churned
26BCA45687,BPCCS,2,Male,OPEN,Hindu,JUNAGADH,18000,HSC,43.8,2023-24,G.H.S.E.B,COMMERCE,1,dropout_sem1,Churn,1,Churned
26BCA45688,BPCCS,2,Male,OPEN,Hindu,AHMEDABAD,18000,HSC,45.2,2023-24,G.H.S.E.B,COMMERCE,1,dropout_sem1,Churn,1,Churned
26BCA45689,BPCCS,1,Female,OPEN,Hindu,AMRELI,18000,HSC,68.6,2023-24,G.H.S.E.B,COMMERCE,1,dropout_sem1,Churn,1,Churned
26BCA45690,BPCCS,1,Male,OPEN,Hindu,KUTCH,18000,HSC,66.8,2023-24,G.H.S.E.B,COMMERCE,1,dropout_sem1,Churn,1,Churned
26BCA45691,BPCCS,1,Male,OBC,Hindu,GANDHINAGAR,18000,HSC,58.4,2023-24,G.H.S.E.B,COMMERCE,1,dropout_sem1,Churn,1,Churned
26TBCA40302,SVICS-G,1,Female,SEBC,Hindu,AHMEDABAD,27000,HSC,64.0,2023-24,G.H.S.E.B,COMMERCE,1,dropout_sem1,Churn,1,Churned
26TBCA40303,SVICS-G,1,Female,OPEN,Hindu,SABARKANTHA,27000,HSC,65.1,2023-24,G.H.S.E.B,ARTS,1,dropout_sem1,Churn,1,Churned
26TBCA40304,SVICS-G,2,Male,OPEN,Hindu,GANDHINAGAR,27000,HSC,54.4,2023-24,G.H.S.E.B,COMMERCE,1,dropout_sem1,Churn,1,Churned
26TBCA40305,SVICS-G,2,Male,OPEN,Hindu,GANDHINAGAR,27000,HSC,53.6,2023-24,G.H.S.E.B,COMMERCE,1,dropout_sem1,Churn,1,Churned
26BCA45692,BPCCS,1,Male,OPEN,Hindu,AHMEDABAD,18000,HSC,49.0,2022-23,G.H.S.E.B,COMMERCE,1,dropout_sem1,Churn,1,Churned
26BCA45693,BPCCS,1,Male,OPEN,Hindu,AHMEDABAD,18000,HSC,49.8,2022-23,G.H.S.E.B,COMMERCE,1,dropout_sem1,Churn,1,Churned
26BCA45694,BPCCS,1,Female,OPEN,Hindu,GANDHINAGAR,18000,HSC,75.9,2023-24,G.H.S.E.B,COMMERCE,1,dropout_sem1,Churn,1,Churned
26TBCA40306,SVICS-G,1,Female,OPEN,Hindu,MEHSANA,27000,HSC,77.1,2023-24,G.H.S.E.B,ARTS,1,dropout_sem1,Churn,1,Churned
